Company Name,Job Title / Department (Aug 16-29 where public),Location / Vacancy Info,Walk-in or Direct Vacancy,Official / Public Apply or Contact Source,Public Recruitment / Careers Email,Public Phone,Eligibility / Salary,Two-Year QA Tablet Profile Match,Research Note
Aarti Drugs Ltd.,Not publicly verified,See cited source(s); not every company had a current vacancy,See source; Not publicly verified where no role/date was found,https://www.aartidrugs.com/contact-us,hraarti@aartidrugs.com,+91 22 2401 9025 (https://www.aartidrugs.com/contact-us),Not publicly stated,Review date/role above; not automatically inferred,Source-cited public contact directory. Reconfirm current vacancy directly with company before applying.
Aarti Pharmalabs Ltd.,Not publicly verified,See cited source(s); not every company had a current vacancy,See source; Not publicly verified where no role/date was found,Not publicly verified,Not publicly verified,+91 22 6943 6100 | https://www.aartipharmalabs.com/,Not publicly stated,Review date/role above; not automatically inferred,Source-cited public contact directory. Reconfirm current vacancy directly with company before applying.
Abbott India Ltd.,Not publicly verified,See cited source(s); not every company had a current vacancy,See source; Not publicly verified where no role/date was found,Not publicly verified,Not publicly verified,Not publicly verified,Not publicly stated,Review date/role above; not automatically inferred,Source-cited public contact directory. Reconfirm current vacancy directly with company before applying.
Accord Healthcare Pvt. Ltd.,"Quality Assurance (IPQA / QMS / Validation) and Manufacturing & Packing Roles (Walk-in Drive on August 16, 2026 at Sanand, Ahmedabad)",See cited source(s); not every company had a current vacancy,See source; Not publicly verified where no role/date was found,https://www.accord-healthcare.com/ie/life-and-careers-accord,careers@accord-healthcare.com,Not publicly verified,Experience: 1-9 years for Manufacturing & Packing; 2-8 years for Quality Assurance (IPQA/QMS/Validation). Salary: Not publicly stated.,Review date/role above; not automatically inferred,Source-cited public contact directory. Reconfirm current vacancy directly with company before applying.
Actiza Pharmaceutical Pvt. Ltd.,Not publicly verified,See cited source(s); not every company had a current vacancy,See source; Not publicly verified where no role/date was found,https://www.actizapharma.com/contacts/,info@actizapharma.com,+91 93276 25007 | https://www.actizapharma.com/contacts/,Not publicly stated,Review date/role above; not automatically inferred,Source-cited public contact directory. Reconfirm current vacancy directly with company before applying.
Adley Formulations Pvt. Ltd.,Not publicly verified,See cited source(s); not every company had a current vacancy,See source; Not publicly verified where no role/date was found,Not publicly verified,Not publicly verified,8219432975 / 7807815240 (Source: https://pharmastuff.org/job/adley-walk-in-qc-production),"Jr. Officer - QC: 1-2 Years experience, salary up to ₹20,000; Officer - QC RM Analysis: 2-3 Years experience, salary ₹25,000 – ₹28,000; Sr. Officer - QC RM Analysis: 5-7 Years experience, salary ₹30,000 – ₹37,000; Production Officer: 3-4 years experience, salary ₹20,000 – ₹30,000; Senior Production Executive: 8-9 years experience, salary ₹40,000 – ₹50,000; OSD Granulation/Compression Officer: 5 years experience, salary ₹25,000 – ₹30,000.",Review date/role above; not automatically inferred,Source-cited public contact directory. Reconfirm current vacancy directly with company before applying.
Aishwarya Healthcare,Not publicly verified,See cited source(s); not every company had a current vacancy,See source; Not publicly verified where no role/date was found,https://aishwaryahealthcare.com/career.html,bd@aishwaryagroup.co.in,Not publicly verified,Not publicly stated,Review date/role above; not automatically inferred,Source-cited public contact directory. Reconfirm current vacancy directly with company before applying.
Aizant Drug Research Solutions Pvt. Ltd.,Not publicly verified,See cited source(s); not every company had a current vacancy,See source; Not publicly verified where no role/date was found,https://www.instagram.com/reel/Db0vBp6o__O/,raghuveera.vutla@aizant.com,+91 90145 58532 (https://www.instagram.com/p/DNqGQuat-xq/),Experience: 2–6 years (OSD/Production/IPQA); Salary: Not publicly stated,Review date/role above; not automatically inferred,Source-cited public contact directory. Reconfirm current vacancy directly with company before applying.
Ajanta Pharma Ltd.,"Walk-in interview on 23rd August 2026 for Quality Assurance (Sr. Officer/Officer) and Manufacturing/Packing (OSD operations, granulation, compression, coating) at Dahej, Gujarat facility.",See cited source(s); not every company had a current vacancy,See source; Not publicly verified where no role/date was found,https://pharmajobspost.in/ajanta-pharma-walk-in-interview-2026-multiple-openings-for-dahej-gujarat/ ; https://www.instagram.com/p/DY7iBDdiZDh/?hl=en ; https://www.instagram.com/reel/DbHlyAjo5qV/,referral.dhj@ajantapharma.com; cv.ptn@ajantapharma.com,6359995909 (Source: https://www.instagram.com/p/DY7iBDdiZDh/?hl=en),"Qualification: B.Pharm/M.Pharm for QA & Sr. Officer Manufacturing; 10th/12th + ITI, Diploma, or D.Pharm for Associate/Operator. Experience: 2–8 years (Manufacturing), 3–5 years (QA). Salary/CTC: Not publicly stated.",Review date/role above; not automatically inferred,Source-cited public contact directory. Reconfirm current vacancy directly with company before applying.
Akums Drugs & Pharmaceuticals Ltd.,Not publicly verified,See cited source(s); not every company had a current vacancy,See source; Not publicly verified where no role/date was found,https://www.linkedin.com/posts/akums_exciting-career-opportunity-join-our-team-activity-7210224252954791936-EE02,career.progress@akums.net,8800461116 (https://www.linkedin.com/posts/akums_exciting-career-opportunity-join-our-team-activity-7210224252954791936-EE02),Not publicly stated,Review date/role above; not automatically inferred,Source-cited public contact directory. Reconfirm current vacancy directly with company before applying.
Albert David Ltd.,Not publicly verified,See cited source(s); not every company had a current vacancy,See source; Not publicly verified where no role/date was found,https://www.albertdavidindia.com/career.php,albertdavid@adlindia.in,"+91 33 2230-2330, https://www.albertdavidindia.com/career.php",Not publicly stated,Review date/role above; not automatically inferred,Source-cited public contact directory. Reconfirm current vacancy directly with company before applying.
Alembic Pharmaceuticals Ltd.,Not publicly verified,See cited source(s); not every company had a current vacancy,See source; Not publicly verified where no role/date was found,https://alembicpharmaceuticals.com/careers ; https://alembicpharmaceuticals.com/contact-us,careers@alembic.co.in,+91-265-663 7000 (https://alembicpharmaceuticals.com/contact-us),Not publicly stated,Review date/role above; not automatically inferred,Source-cited public contact directory. Reconfirm current vacancy directly with company before applying.
Alivus Life Sciences Ltd.,"Walk-in interview held on 08 August 2026 for Production (Officer: 2-5 years), Quality Assurance (Officer - QA Investigations: 1-3 years; Senior Officer - QA Vendor Qualification: 4-6 years), Quality Control (Officer/Senior Officer: 1-5 years), and Safety (EHS) at Ankleshwar, Gujarat facility.",See cited source(s); not every company had a current vacancy,See source; Not publicly verified where no role/date was found,https://pharmabharat.org/alivus-life-sciences-hiring-for-production-safety-ehs-quality-assurance-quality-control/ ; https://www.alivus.com/,prajet.khule@alivus.com,Not publicly verified,Experience: 1–6 years (Officer – Production: 2–5 years; Officer – QA: 1–3 years; Senior Officer – QA: 4–6 years; Officer/Senior Officer – QC: 1–5 years). Qualification: B.Sc / M.Sc in Chemistry. Salary/CTC: Not publicly stated.,Review date/role above; not automatically inferred,Source-cited public contact directory. Reconfirm current vacancy directly with company before applying.
Alkem Laboratories Ltd.,Not publicly verified,See cited source(s); not every company had a current vacancy,See source; Not publicly verified where no role/date was found,https://pharmawisdom.co.in/alkem-laboratories-walk-in-interviews-production-qc-departments-on-14th-aug-2026/,hrbaddi@alkem.com,+91 9857417569 (Source: https://pharmawisdom.co.in/alkem-laboratories-walk-in-interviews-production-qc-departments-on-14th-aug-2026/),Not publicly stated,Review date/role above; not automatically inferred,Source-cited public contact directory. Reconfirm current vacancy directly with company before applying.
Alniche Life Sciences Pvt. Ltd.,Not publicly verified,See cited source(s); not every company had a current vacancy,See source; Not publicly verified where no role/date was found,https://www.facebook.com/AlnicheIndia/posts/elated-to-share-the-great-news-of-unveiling-the-new-office-in-delhithis-initiati/2146155875549414/,bpsahoo.alniche@gmail.com,+91-9338808339 https://www.facebook.com/AlnicheIndia/,Not publicly stated,Review date/role above; not automatically inferred,Source-cited public contact directory. Reconfirm current vacancy directly with company before applying.
Alniche Lifesciences,Not publicly verified,See cited source(s); not every company had a current vacancy,See source; Not publicly verified where no role/date was found,https://in.linkedin.com/company/alniche-life-sciences-pvt-ltd,career@alniche.com,Not publicly verified,Not publicly stated,Review date/role above; not automatically inferred,Source-cited public contact directory. Reconfirm current vacancy directly with company before applying.
Alteus Biogenics Pvt. Ltd.,Not publicly verified,See cited source(s); not every company had a current vacancy,See source; Not publicly verified where no role/date was found,https://www.facebook.com/alteusbiogenicsindia/posts/were-hiring-join-team-alteus-are-you-passionate-about-building-impactful-brands-/1184553496803202/,alteushr@alteus.co.in; directorall@alteus.in,+91 6289616672 (https://www.facebook.com/alteusbiogenicsindia/posts/were-hiring-join-team-alteus-are-you-passionate-about-building-impactful-brands-/1184553496803202/),Not publicly stated,Review date/role above; not automatically inferred,Source-cited public contact directory. Reconfirm current vacancy directly with company before applying.
Amneal Pharmaceuticals,Not publicly verified,See cited source(s); not every company had a current vacancy,See source; Not publicly verified where no role/date was found,https://www.linkedin.com/posts/chandani-daswani-3341a223_productionosd-manufacturingosd-tabletcapsules-activity-7194566670613417985-kI49,chandanid@amneal.com; jyoti.parmar@amneal.com; priyar.sharma@amneal.com,Not publicly verified,0–5 years (Apprentices: 0–1 yrs; Officers/Executives: 1–5 yrs); salary/CTC not publicly stated,Review date/role above; not automatically inferred,Source-cited public contact directory. Reconfirm current vacancy directly with company before applying.
Amneal Pharmaceuticals (Matoda),"Manufacturing Officer/Operator (2-6 years) & Manufacturing Apprentice (Freshers) walk-in interview held on August 13, 2026; Aseptic Operator, Packing Operator & Packing Supervisor (3-9 years) walk-in drive held on August 14, 2026 at SEZ Matoda facility, Ahmedabad, Gujarat.",See cited source(s); not every company had a current vacancy,See source; Not publicly verified where no role/date was found,https://pharmabharat.com/amneal-pharma-is-hiring-for-manufacturing-packing/ ; https://pharmabharat.org/amneal-pharmaceuticals-hiring-for-freshers-manufacturing-apprentice/ ; https://india.amneal.com/careers/,career.matoda@amneal.com; chandanid@amneal.com; jyoti.parmar@amneal.com,Not publicly verified,"Experience: 2 to 9 years (and freshers for apprenticeship); Qualification: B.Pharm, M.Pharm, M.Sc., Diploma, ITI, BA, B.Com, B.Sc.; Salary/CTC: Not publicly stated",Review date/role above; not automatically inferred,Source-cited public contact directory. Reconfirm current vacancy directly with company before applying.
Amoli Organics Pvt. Ltd.,Not publicly verified,See cited source(s); not every company had a current vacancy,See source; Not publicly verified where no role/date was found,https://pharmawisdom.co.in/amoli-organics-openings-for-r-d-officer-sr-officer-executive-submit-resume-to-hr-email/,amoli.hr@amoliindia.com,+91 22 66214715 (https://www.amoliindia.com/privacy-policy),Not publicly stated,Review date/role above; not automatically inferred,Source-cited public contact directory. Reconfirm current vacancy directly with company before applying.
Aneta Pharmaceuticals,"Not verified (Walk-in held on August 9, 2026; no explicit Aug 16–29, 2026 QA/IPQA/Production/OSD vacancy evidenced)",See cited source(s); not every company had a current vacancy,See source; Not publicly verified where no role/date was found,https://pharmastuff.org/job/aneta-pharmaceutical-production-qc-engineering ; https://www.jobavailables.com/2026/08/aneta-pharmaceuticals-jobs-in-ahmedabad.html ; https://anetapharma.com/career/,hr@anetapharma.com,+91 7575809274 (Source: https://pharmastuff.org/job/aneta-pharmaceutical-production-qc-engineering); Toll-free: 1800 572 1008 (Source: https://anetapharma.com/career/),"Experience: 0–5 years; Qualification: B.Pharm, M.Pharm, B.Sc, M.Sc, ITI, 10th Pass; Salary/CTC: Fresher roles ₹2.2–₹3.5 LPA, Officer positions ₹3.5–₹6.5 LPA, Senior Officer ₹5.5–₹8.5 LPA, Technician ₹2.5–₹5.0 LPA",Review date/role above; not automatically inferred,Source-cited public contact directory. Reconfirm current vacancy directly with company before applying.
Annora Pharma Pvt. Ltd.,"Walk-in interview on 16 August 2026 for Formulation OSD Unit across Production, QA, QC, Packing, and Engineering departments (Source: https://www.instagram.com/reel/DZSc9QuP-Dc/)",See cited source(s); not every company had a current vacancy,See source; Not publicly verified where no role/date was found,https://www.instagram.com/reel/DXvK669Iaeq/?hl=en,hr@annorapharma.com,9121185330 - https://www.instagram.com/reel/DXvK669Iaeq/?hl=en,Not publicly stated,Review date/role above; not automatically inferred,Source-cited public contact directory. Reconfirm current vacancy directly with company before applying.
Anuh Pharma Ltd.,Not publicly verified,See cited source(s); not every company had a current vacancy,See source; Not publicly verified where no role/date was found,https://pharmastuff.org/job/anuh-pharma-regulatory-affairs-officer,nilesh@anuhpharma.com,"9867112309, 7507403418 - https://pharmastuff.org/job/anuh-pharma-regulatory-affairs-officer",Freshers; Salary: As per industry standards,Review date/role above; not automatically inferred,Source-cited public contact directory. Reconfirm current vacancy directly with company before applying.
Apex Laboratories Pvt. Ltd.,Not publicly verified,See cited source(s); not every company had a current vacancy,See source; Not publicly verified where no role/date was found,https://pharmabharat.com/apex-laboratories-is-hiring-freshers-for-production-qa-and-qc-roles/,srinivasan.hr@apexlab.com,7373296905 / 9597168805 (https://pharmabharat.com/apex-laboratories-is-hiring-freshers-for-production-qa-and-qc-roles/),Experience: Freshers; Salary: ₹1.8 LPA – ₹3.0 LPA (https://pharmabharat.com/apex-laboratories-is-hiring-freshers-for-production-qa-and-qc-roles/),Review date/role above; not automatically inferred,Source-cited public contact directory. Reconfirm current vacancy directly with company before applying.
Apotex Research Pvt. Ltd.,Not publicly verified,See cited source(s); not every company had a current vacancy,See source; Not publicly verified where no role/date was found,Not publicly verified,Not publicly verified,Not publicly verified,Executive: B.Pharm/M.Pharm with 4–6 years experience; Lead Executive: B.Pharm/M.Pharm with 8–10 years experience in Oral Solid Dosage (OSD) and QMS. Salary/CTC: Not publicly stated.,Review date/role above; not automatically inferred,Source-cited public contact directory. Reconfirm current vacancy directly with company before applying.
Apothecon Pharmaceuticals Pvt. Ltd.,Not publicly verified,See cited source(s); not every company had a current vacancy,See source; Not publicly verified where no role/date was found,https://www.pharmatutor.org/content/november-2025/hiring-for-osd-manufacturing-qc-adl-at-apothecon-pharmaceuticals,hrd@apotheconpharma.com,Not publicly verified,Not publicly stated,Review date/role above; not automatically inferred,Source-cited public contact directory. Reconfirm current vacancy directly with company before applying.
Aristo Pharmaceuticals Pvt. Ltd.,Not publicly verified,See cited source(s); not every company had a current vacancy,See source; Not publicly verified where no role/date was found,Not publicly verified,Not publicly verified,Not publicly verified,Not publicly stated,Review date/role above; not automatically inferred,Source-cited public contact directory. Reconfirm current vacancy directly with company before applying.
Arlak Biotech Pvt. Ltd.,Not publicly verified,See cited source(s); not every company had a current vacancy,See source; Not publicly verified where no role/date was found,Not publicly verified,Not publicly verified,+91 9816048837 https://www.linkedin.com/posts/arlakbiotech-pvt-ltd_arlakbiotech-pcdsalesmanager-job-activity-7284468651229958144-onPH,Not publicly stated,Review date/role above; not automatically inferred,Source-cited public contact directory. Reconfirm current vacancy directly with company before applying.
Arlak Corazon Pvt. Ltd.,Not publicly verified,See cited source(s); not every company had a current vacancy,See source; Not publicly verified where no role/date was found,Not publicly verified,Not publicly verified,+91-7087571536 (https://www.arlakcorazon.com/contact-us),Not publicly stated,Review date/role above; not automatically inferred,Source-cited public contact directory. Reconfirm current vacancy directly with company before applying.
Arlak Life Science Pvt. Ltd.,Not publicly verified,See cited source(s); not every company had a current vacancy,See source; Not publicly verified where no role/date was found,https://www.facebook.com/ayurvedaarlak/posts/were-hiringpcd-sales-managerqualifications-proven-sales-experience-team-manageme/1109192197918240/,hrarlakbiotech@gmail.com,+91-7087571536 (https://www.facebook.com/ayurvedaarlak/posts/were-hiringpcd-sales-managerqualifications-proven-sales-experience-team-manageme/1109192197918240/),Not publicly stated,Review date/role above; not automatically inferred,Source-cited public contact directory. Reconfirm current vacancy directly with company before applying.
Arvind Remedies Ltd.,Not publicly verified,See cited source(s); not every company had a current vacancy,See source; Not publicly verified where no role/date was found,Not publicly verified,Not publicly verified,Not publicly verified,Not publicly stated,Review date/role above; not automatically inferred,Source-cited public contact directory. Reconfirm current vacancy directly with company before applying.
Aspiro Pharma Ltd.,Not publicly verified,See cited source(s); not every company had a current vacancy,See source; Not publicly verified where no role/date was found,https://www.aspiropharma.com/careers.php,careers@aspiropharma.com,Not publicly verified,Not publicly stated,Review date/role above; not automatically inferred,Source-cited public contact directory. Reconfirm current vacancy directly with company before applying.
Astra Labs Pvt. Ltd.,Not publicly verified,See cited source(s); not every company had a current vacancy,See source; Not publicly verified where no role/date was found,Not publicly verified,Not publicly verified,Not publicly verified,Not publicly stated,Review date/role above; not automatically inferred,Source-cited public contact directory. Reconfirm current vacancy directly with company before applying.
AstraZeneca Pharma India Ltd.,Not publicly verified,See cited source(s); not every company had a current vacancy,See source; Not publicly verified where no role/date was found,https://www.astrazeneca.in/contact-us.html,myhr.india@astrazeneca.com,Not publicly verified,Not publicly stated,Review date/role above; not automatically inferred,Source-cited public contact directory. Reconfirm current vacancy directly with company before applying.
Aura Lifecare Pvt. Ltd.,Not publicly verified,See cited source(s); not every company had a current vacancy,See source; Not publicly verified where no role/date was found,https://pharmastuff.org/job/aura-lifecare-quality-control-officer ; https://auralifecare.com/career/ ; https://www.instagram.com/p/DWVlxSTEZ3u/,hr1@auralifecare.com; hr@auralifecare.com,+91 92654 50586 (Source: https://auralifecare.com/career/),"B.Sc., M.Sc., B.Pharm, or M.Pharm with 2+ years of experience; estimated salary ₹3.5–5.8 LPA (Source: https://pharmastuff.org/job/aura-lifecare-quality-control-officer)",Review date/role above; not automatically inferred,Source-cited public contact directory. Reconfirm current vacancy directly with company before applying.
Aurigene Pharmaceutical Services Ltd.,Not publicly verified,See cited source(s); not every company had a current vacancy,See source; Not publicly verified where no role/date was found,https://careers.aurigeneservices.com/aurigeneservices/,contactapsl@aurigeneservices.com,"APAC: +91 83742 33288, North America: +1 617 821 0595, EU: +32 471 808710 (https://careers.aurigeneservices.com/aurigeneservices/)",Eligibility: M.Sc. Organic Chemistry with 2–14 years experience (Walk-in on 16 August 2026 for Medicinal Chemistry); Salary/CTC: Not publicly stated,Review date/role above; not automatically inferred,Source-cited public contact directory. Reconfirm current vacancy directly with company before applying.
Aurobindo Pharma Ltd.,Not publicly verified,See cited source(s); not every company had a current vacancy,See source; Not publicly verified where no role/date was found,https://www.aurobindo.com/contact-us ; https://company.naukri.com/aurobindo-pharma-jobs/contact-us.html ; https://pharmanika.com/aurobindo-pharma-walk-in-drive-2026-pharma-jobs/,hr@aurobindo.com,+91 (40) 6672 5000 - https://www.aurobindo.com/contact-us,"Experience: 2 to 8 years; Qualification: B.Sc, M.Sc, B.Pharm, M.Pharm, Diploma; Salary/CTC: Not publicly stated",Review date/role above; not automatically inferred,Source-cited public contact directory. Reconfirm current vacancy directly with company before applying.
Avik Pharmaceuticals Ltd.,Not publicly verified,See cited source(s); not every company had a current vacancy,See source; Not publicly verified where no role/date was found,https://avikpharma.com/contact-us/,avikpharma@avikpharma.com,+91 7304073072 (https://avikpharma.com/contact-us/),Not publicly stated,Review date/role above; not automatically inferred,Source-cited public contact directory. Reconfirm current vacancy directly with company before applying.
Bal Pharma Ltd.,Not publicly verified,See cited source(s); not every company had a current vacancy,See source; Not publicly verified where no role/date was found,https://www.balpharma.com/career,hr@balpharma.com,Not publicly verified,Not publicly stated,Review date/role above; not automatically inferred,Source-cited public contact directory. Reconfirm current vacancy directly with company before applying.
Balaji Amines Ltd.,Not publicly verified,See cited source(s); not every company had a current vacancy,See source; Not publicly verified where no role/date was found,https://www.balajiamines.com/careers.php,hr@balajiamines.com,Not publicly verified,Panel Operator - Production: 2 to 4 years; Field Operator: 0-2 years; Safety Officer: 1-3 years; Environment Officer: 0-5 years. Salary: Not publicly stated.,Review date/role above; not automatically inferred,Source-cited public contact directory. Reconfirm current vacancy directly with company before applying.
Baxter India Pvt. Ltd.,Not publicly verified,See cited source(s); not every company had a current vacancy,See source; Not publicly verified where no role/date was found,Not publicly verified,Not publicly verified,+91-124-4500200 (https://www.baxter.in/contact-us),Not publicly stated,Review date/role above; not automatically inferred,Source-cited public contact directory. Reconfirm current vacancy directly with company before applying.
Bec Chemicals Pvt. Ltd.,Not publicly verified,See cited source(s); not every company had a current vacancy,See source; Not publicly verified where no role/date was found,https://in.linkedin.com/company/bec-chemicals,teamhr@becchemicals.com,Not publicly verified,Not publicly stated,Review date/role above; not automatically inferred,Source-cited public contact directory. Reconfirm current vacancy directly with company before applying.
Bengal Chemicals & Pharmaceuticals Ltd.,Not publicly verified,See cited source(s); not every company had a current vacancy,See source; Not publicly verified where no role/date was found,https://bengalchemicals.co.in/contact/,tapas.banerjee@bengalchemicals.co.in,+91(033)-2237-1525 / 1526 (https://bengalchemicals.co.in/contact/),Not publicly stated,Review date/role above; not automatically inferred,Source-cited public contact directory. Reconfirm current vacancy directly with company before applying.
Bharat Parenterals Ltd.,"Walk-in interview on August 17th and 18th, 2026 (10:00 AM to 4:00 PM) at Bharat Parenterals Limited, Vadodara, Gujarat, featuring QA (IPQA: 1-3 years experience for B.Pharm/M.Pharm), Tablet & Capsules OSD Production (Trainee Executive: 1-6 years; Beta Lactam Junior Officer: 0-3 years), QC, Engineering, and Regulatory Affairs roles.",See cited source(s); not every company had a current vacancy,See source; Not publicly verified where no role/date was found,https://www.bplindia.in/lifebpl.html ; https://www.bplindia.in/contact.html ; https://dmc-education.com/2026/08/14/bharat-parenterals-limited-recruitment-2026-walk-in-interview-for-engineering-pharma-qa-qc-regulatory-affairs-jobs/ ; https://pharmajobalert.in/freshers-experience-walk-in-on-17th-aug-18th-aug-2026-monday-tuesday-at-bharat-parenterals-ltd/,hr@bplindia.in; recruitment@bplindia.in,+91 99099 28332 (Source: https://www.bplindia.in/lifebpl.html),"Experience: 0 to 12 years (specifically 1-3 years for QA/IPQA, 0-3 years for Tablet & Capsules OSD, 1-6 years for Trainee Executive Tablet & Capsules); Qualifications: B.Pharm, M.Pharm, B.Sc, M.Sc, Diploma, ITI, B.E., B.Com, MBA; Salary/CTC: Not publicly stated.",Review date/role above; not automatically inferred,Source-cited public contact directory. Reconfirm current vacancy directly with company before applying.
Bharat Serums and Vaccines Ltd.,Not publicly verified,See cited source(s); not every company had a current vacancy,See source; Not publicly verified where no role/date was found,https://www.linkedin.com/posts/bharat-serums-%26-vaccines-limited_bsv-pharmacareers-recruitment-activity-7335600237610217472-QjAr,careers@bsvgroup.com,+91-22-4504 3456 (https://bsvgroup.com/contact-us/),Not publicly stated,Review date/role above; not automatically inferred,Source-cited public contact directory. Reconfirm current vacancy directly with company before applying.
Biocon Ltd.,"Walk-in Interview on 16 August 2026 at Semicon Park, Biocon House, Bengaluru for roles in Engineering & Maintenance (Injectables and OSD - Compression, Granulation, Blister Packing), Instrumentation & Automation, Central Engineering, and Drug Product Fill Finish (Aseptic Manufacturing, Isolator, Lyophilizer, Packaging, Visual Inspection). Source: https://pharmabharat.com/biocon-is-hiring-for-engineering-maintenance-drug-product-fill-finish/",See cited source(s); not every company had a current vacancy,See source; Not publicly verified where no role/date was found,Not publicly verified,Not publicly verified,+91 80 2808 2808 / +91 80 4014 4014 (https://www.biocon.com/more/contact-us/),3–14 Years; Salary/CTC not publicly stated.,Review date/role above; not automatically inferred,Source-cited public contact directory. Reconfirm current vacancy directly with company before applying.
Biological E Ltd.,Not publicly verified,See cited source(s); not every company had a current vacancy,See source; Not publicly verified where no role/date was found,https://www.biologicale.com/careers.html,careers@biologicale.com,Not publicly verified,Not publicly stated,Review date/role above; not automatically inferred,Source-cited public contact directory. Reconfirm current vacancy directly with company before applying.
Biophar Lifesciences Pvt. Ltd.,Not publicly verified,See cited source(s); not every company had a current vacancy,See source; Not publicly verified where no role/date was found,https://www.biopharlifesciences.co.in/career,hrbiophar34@gmail.com,Not publicly verified,Not publicly stated,Review date/role above; not automatically inferred,Source-cited public contact directory. Reconfirm current vacancy directly with company before applying.
Bliss GVS Pharma Ltd.,Not publicly verified,See cited source(s); not every company had a current vacancy,See source; Not publicly verified where no role/date was found,https://in.linkedin.com/posts/rutuja-sankhe-9961a2179_interested-candidates-may-share-their-profiles-activity-6909012994119077889-axOc,hr1500@blissgvs.com,+91 (22) 2856 3930 - https://blissgvs.com/contact-us,Not publicly stated,Review date/role above; not automatically inferred,Source-cited public contact directory. Reconfirm current vacancy directly with company before applying.
Blue Cross Laboratories Pvt. Ltd.,Not publicly verified,See cited source(s); not every company had a current vacancy,See source; Not publicly verified where no role/date was found,Not publicly verified,Not publicly verified,Not publicly verified,2–3 years (Product Manager) and 2–5 years (Deputy Medical Manager); Salary/CTC: Not publicly stated,Review date/role above; not automatically inferred,Source-cited public contact directory. Reconfirm current vacancy directly with company before applying.
Boehringer Ingelheim India Pvt. Ltd.,Not publicly verified,See cited source(s); not every company had a current vacancy,See source; Not publicly verified where no role/date was found,Not publicly verified,Not publicly verified,Not publicly verified,Not publicly stated,Review date/role above; not automatically inferred,Source-cited public contact directory. Reconfirm current vacancy directly with company before applying.
Brawn Laboratories Ltd.,Not publicly verified,See cited source(s); not every company had a current vacancy,See source; Not publicly verified where no role/date was found,https://pharmastuff.org/job/brawn-laboratories-dra-officer-recruitment-for-bpharm-mpharm,talentacq@brawnlabs.in,+91 8130266355 (https://pharmastuff.org/job/brawn-laboratories-dra-officer-recruitment-for-bpharm-mpharm),Not publicly stated,Review date/role above; not automatically inferred,Source-cited public contact directory. Reconfirm current vacancy directly with company before applying.
Bristol Myers Squibb India Pvt. Ltd.,Not publicly verified,See cited source(s); not every company had a current vacancy,See source; Not publicly verified where no role/date was found,Not publicly verified,Not publicly verified,Not publicly verified,Not publicly stated,Review date/role above; not automatically inferred,Source-cited public contact directory. Reconfirm current vacancy directly with company before applying.
Cactus Communications (Cactus Life Sciences / Cactus Healthcare),Not publicly verified,See cited source(s); not every company had a current vacancy,See source; Not publicly verified where no role/date was found,https://cactusglobal.com/careers/,ta@cactusglobal.com,Not publicly verified,Not publicly stated,Review date/role above; not automatically inferred,Source-cited public contact directory. Reconfirm current vacancy directly with company before applying.
Cadila Healthcare Ltd. (Zydus Lifesciences Ltd.),"Zydus Lifesciences Ltd. (Cadila Healthcare Ltd.) Walk-In Interview on August 17, 2026 for Quality Assurance (IPQA Staff), Production (Granulation/Compression), Packing, and Engineering roles at Baddi, Himachal Pradesh; and August 19, 2026 for Production and Engineering roles at Ankleshwar, Gujarat.",See cited source(s); not every company had a current vacancy,See source; Not publicly verified where no role/date was found,https://zyduslife.com/career.html,bhagyesh.r@zyduslife.com,Not publicly verified,0-5 years experience; salary not publicly stated,Review date/role above; not automatically inferred,Source-cited public contact directory. Reconfirm current vacancy directly with company before applying.
Cadila Pharmaceuticals Ltd.,"Virtual Drive for Quality Assurance (IPQA, Market Complaint, TTD, Process Validation, CSV-IT) on August 18, 2026",See cited source(s); not every company had a current vacancy,See source; Not publicly verified where no role/date was found,https://pharmabharat.org/cadila-pharmaceuticals-hiring-for-quality-assurance/,sanjay.makwana@cadilapharma.com,+91 8347434234 (https://pharmabharat.org/cadila-pharmaceuticals-hiring-for-quality-assurance/),B.Pharm / M.Pharm / M.Sc / MCA with 1–12 years formulation experience; Salary: Not publicly stated,Review date/role above; not automatically inferred,Source-cited public contact directory. Reconfirm current vacancy directly with company before applying.
Caplin Point Laboratories Ltd.,Not publicly verified,See cited source(s); not every company had a current vacancy,See source; Not publicly verified where no role/date was found,https://www.linkedin.com/posts/caplin-point-laboratories-ltd_hiring-hiringnow-pharma-activity-6986654819776167936-gMN0,careers@caplinpoint.net,Not publicly verified,Not publicly stated,Review date/role above; not automatically inferred,Source-cited public contact directory. Reconfirm current vacancy directly with company before applying.
Celon Laboratories Pvt. Ltd.,"Production – OSD (Oral Solid Dosage), Production – Injectables, Visual Inspection, Packing on August 16, 2026",See cited source(s); not every company had a current vacancy,See source; Not publicly verified where no role/date was found,https://celonlabs.com/careers/,career@celonlabs.com,Not publicly verified,Experience: 3 to 15 Years; Salary: Best in the Industry,Review date/role above; not automatically inferred,Source-cited public contact directory. Reconfirm current vacancy directly with company before applying.
Centaur Pharmaceuticals Pvt. Ltd.,Not publicly verified,See cited source(s); not every company had a current vacancy,See source; Not publicly verified where no role/date was found,https://www.centaurpharma.com/careers/,recruitment@centaurlab.com,+91 22 – 66499100 (https://www.centaurpharma.com/contact-us/),"Experience: 1 to 8+ years depending on role (Research Associate 1-5 years, Regulatory Affairs 2-8+ years, Product Manager 2-4 years); Salary: Not publicly stated",Review date/role above; not automatically inferred,Source-cited public contact directory. Reconfirm current vacancy directly with company before applying.
Centurion Laboratories Pvt. Ltd.,Not publicly verified,See cited source(s); not every company had a current vacancy,See source; Not publicly verified where no role/date was found,https://pharmastuff.org/job/centurion-laboratories-regulatory-affairs,hr@centurionlaboratories.com,9925531580 (https://pharmastuff.org/job/centurion-laboratories-regulatory-affairs),"Regulatory Affairs: 2 to 5 years experience, 300,000 INR / Year salary; Production Officer: 0 to 3 years experience.",Review date/role above; not automatically inferred,Source-cited public contact directory. Reconfirm current vacancy directly with company before applying.
Cipla Ltd.,"Not verified for August 16–29, 2026 window in Gujarat (ongoing recruitment active on careers.cipla.com) || Capsule - Production Officer (OSD/Production) in South Goa (Verna Industrial Estate), 2–5 years experience, posted August 12, 2026 (Source: https://www.naukri.com/job-listings-capsule-production-officer-cipla-south-goa-2-to-5-years-120826030697); Senior Operator Production in Sikkim (Rangpo), posted August 7, 2026 on Cipla Careers (Source: https://careers.cipla.com/job/Rangpo-Senior-Operator-Production-Sikk/1365525966/).",See cited source(s); not every company had a current vacancy,See source; Not publicly verified where no role/date was found,https://www.cipla.com/careers ; https://www.cipla.com/contact-us ; https://www.linkedin.com/posts/cipla_were-hiring-heres-your-opportunity-to-activity-7267152411276791810-cLaS,ta.hr@cipla.com,+91 22 41916000 (Corporate) / 0260-7151400 (Gujarat facility HR queries) - https://www.cipla.com/contact-us,"Qualification: B.Pharm, M.Pharm, M.Sc, B.E./B.Tech; Experience: 1–5 years; Salary/CTC: Not publicly stated || 2–5 years experience; Salary/CTC: Not publicly stated",Review date/role above; not automatically inferred,Source-cited public contact directory. Reconfirm current vacancy directly with company before applying.
Ciron Drugs & Pharmaceuticals Pvt. Ltd.,"Walk-in interview drive held on August 16, 2026 at the Boisar Injectable Plant (Tarapur) for roles including Production (Asst. Manager Injection, Officer QMS, Operator LYO, Packing, Ampoule/Vial Filling, Manufacturing), Quality Assurance (Asst. Manager IPQA, Executive Specification Reviewer, Stability Reviewer, Asst. Manager QMS), Quality Control, Engineering, Microbiology, Warehouse, and EHS.",See cited source(s); not every company had a current vacancy,See source; Not publicly verified where no role/date was found,https://pharmawisdom.co.in/ciron-drugs-walk-in-on-16th-aug-2026/,hrd@cironpharma.com,8010319276 (Source: https://pharmawisdom.co.in/ciron-drugs-walk-in-on-16th-aug-2026/),"Experience levels explicitly stated (e.g., Freshers to 4 years for officers, 2–5 years for operators, 8–10 years and 10+ years for assistant managers and managers); salary compensation details not publicly stated.",Review date/role above; not automatically inferred,Source-cited public contact directory. Reconfirm current vacancy directly with company before applying.
Claris Injectables Ltd.,Not publicly verified,See cited source(s); not every company had a current vacancy,See source; Not publicly verified where no role/date was found,Not publicly verified,Not publicly verified,Not publicly verified,Not publicly stated,Review date/role above; not automatically inferred,Source-cited public contact directory. Reconfirm current vacancy directly with company before applying.
Claris Otsuka Pvt. Ltd.,"Quality Assurance / Quality Control Process Incharge / Sr. Process Incharge walk-in interview on August 22, 2026",See cited source(s); not every company had a current vacancy,See source; Not publicly verified where no role/date was found,https://otsukapharma.in/career-opi/,careers@otsukapharma.in,+91 79 66216000 (https://otsukapharma.in/career-opi/),2 to 6 Years experience; Salary not publicly stated,Review date/role above; not automatically inferred,Source-cited public contact directory. Reconfirm current vacancy directly with company before applying.
Concord Biotech Ltd.,"Production (Assistant Manager, Sr. Executive, Executive, Supervisor, Officer, Granulation/Coating Operator) and Quality Control (HPLC Analyst, Dissolution & Chemical Analyst, QC Reviewer) walk-in interview on 18th August 2026 at Unit-II, Valthera, Dholka, Ahmedabad.",See cited source(s); not every company had a current vacancy,See source; Not publicly verified where no role/date was found,https://pharmastuff.org/job/concord-biotech-production-qc-engineering-recruitment,careerfdf@concordbiotech.com; hrfdf@concordbiotech.com,+91 2714 671222 (https://concordbiotech.com/contact-us/),"2–10 years experience; CTC stated as 350,000 INR/year on job posting (role-dependent).",Review date/role above; not automatically inferred,Source-cited public contact directory. Reconfirm current vacancy directly with company before applying.
Converge Biotech,Not publicly verified,See cited source(s); not every company had a current vacancy,See source; Not publicly verified where no role/date was found,Not publicly verified,Not publicly verified,Not publicly verified,Not publicly stated,Review date/role above; not automatically inferred,Source-cited public contact directory. Reconfirm current vacancy directly with company before applying.
Corel Pharma Chem,Not publicly verified,See cited source(s); not every company had a current vacancy,See source; Not publicly verified where no role/date was found,https://www.linkedin.com/posts/corel-pharma-chem-b4761b2a3_hiring-activity-7204458093668139008-3lSr,hr@corelpharmachem.com,+91-8000880011 (Official website: https://www.corelpharmachem.com/contact-us/),Not publicly stated,Review date/role above; not automatically inferred,Source-cited public contact directory. Reconfirm current vacancy directly with company before applying.
Corona Remedies Pvt. Ltd.,Not publicly verified,See cited source(s); not every company had a current vacancy,See source; Not publicly verified where no role/date was found,https://www.linkedin.com/posts/sagar-thakkar-3ba1033a_join-our-team-at-corona-remedies-private-activity-7269645354088738816-aGac,sagart@coronaremedies.com,Not publicly verified,Not publicly stated,Review date/role above; not automatically inferred,Source-cited public contact directory. Reconfirm current vacancy directly with company before applying.
Covalent Laboratories Pvt. Ltd.,Not publicly verified,See cited source(s); not every company had a current vacancy,See source; Not publicly verified where no role/date was found,https://www.covalentlab.com/careers.php,ta@covalentlab.com,Not publicly verified,"Eligibility: 0 to 7 years depending on role (e.g., Production Chemist / Senior Chemist: 1–7 Years; QC Chemist: 0–5 Years; R&D Executive: 2–4 Years; ETP & Bio-ETP: 2–5 Years; Water Treatment Plant In-Charge: 5–8 Years; Production Trainee Chemist: Freshers / 0–1 Year). Salary/CTC: Not publicly stated.",Review date/role above; not automatically inferred,Source-cited public contact directory. Reconfirm current vacancy directly with company before applying.
Curefit Pharma,Not publicly verified,See cited source(s); not every company had a current vacancy,See source; Not publicly verified where no role/date was found,Not publicly verified,Not publicly verified,Not publicly verified,Not publicly stated,Review date/role above; not automatically inferred,Source-cited public contact directory. Reconfirm current vacancy directly with company before applying.
Cureveda,Not publicly verified,See cited source(s); not every company had a current vacancy,See source; Not publicly verified where no role/date was found,https://in.linkedin.com/in/sukanya-thakre,sukanya@cureveda.com,Not publicly verified,Not publicly stated,Review date/role above; not automatically inferred,Source-cited public contact directory. Reconfirm current vacancy directly with company before applying.
Cureveda GLO,Not publicly verified,See cited source(s); not every company had a current vacancy,See source; Not publicly verified where no role/date was found,Not publicly verified,Not publicly verified,+91-9691997997 https://www.cureveda.com/pages/contact,Not publicly stated,Review date/role above; not automatically inferred,Source-cited public contact directory. Reconfirm current vacancy directly with company before applying.
Dabur India Ltd.,Not publicly verified,See cited source(s); not every company had a current vacancy,See source; Not publicly verified where no role/date was found,https://www.linkedin.com/posts/deepika-e-16b82a171_greetings-from-dabur-india-ltd-we-are-hiring-activity-7150718705293754369-CWmm,deepika.e@dabur.com,Not publicly verified,Not publicly stated,Review date/role above; not automatically inferred,Source-cited public contact directory. Reconfirm current vacancy directly with company before applying.
Dano Vaccines & Biologicals Pvt. Ltd.,Not publicly verified,See cited source(s); not every company had a current vacancy,See source; Not publicly verified where no role/date was found,https://in.linkedin.com/company/danovac,hr@danovaccines.com,+91 92814 43266 (https://www.danovaccines.com/careers/),Not publicly stated,Review date/role above; not automatically inferred,Source-cited public contact directory. Reconfirm current vacancy directly with company before applying.
Davaindia Health Mart Ltd.,Not publicly verified,See cited source(s); not every company had a current vacancy,See source; Not publicly verified where no role/date was found,Not publicly verified,Not publicly verified,Not publicly verified,Not publicly stated,Review date/role above; not automatically inferred,Source-cited public contact directory. Reconfirm current vacancy directly with company before applying.
Daxia Healthcare,Not publicly verified,See cited source(s); not every company had a current vacancy,See source; Not publicly verified where no role/date was found,Not publicly verified,Not publicly verified,+91 9106656975 - https://daxiahealthcare.com/career/,Not publicly stated,Review date/role above; not automatically inferred,Source-cited public contact directory. Reconfirm current vacancy directly with company before applying.
Deccan Fine Chemicals,"Production Chemist and Utility/Mechanical Engineer walk-in interview on August 23, 2026",See cited source(s); not every company had a current vacancy,See source; Not publicly verified where no role/date was found,https://www.deccanchemicals.com/media-careers/careers/,careers@deccanchemicals.com,+91 40 43459999 (https://www.deccanchemicals.com/media-careers/careers/),"0-12 years experience for Production Chemist, 3-12 years experience for Utility/Mechanical Engineer; Salary: Not publicly stated",Review date/role above; not automatically inferred,Source-cited public contact directory. Reconfirm current vacancy directly with company before applying.
Deepak Nitrite Ltd.,Not publicly verified,See cited source(s); not every company had a current vacancy,See source; Not publicly verified where no role/date was found,https://www.godeepak.com/contact-us/,hr@godeepak.com,+91 265 276 5200 (https://www.godeepak.com/contact-us/),Not publicly stated,Review date/role above; not automatically inferred,Source-cited public contact directory. Reconfirm current vacancy directly with company before applying.
Dey's Medical Stores Manufacturing Ltd.,Not publicly verified,See cited source(s); not every company had a current vacancy,See source; Not publicly verified where no role/date was found,Not publicly verified,Not publicly verified,Not publicly verified,Not publicly stated,Review date/role above; not automatically inferred,Source-cited public contact directory. Reconfirm current vacancy directly with company before applying.
Dhanuka Laboratories Ltd.,Not publicly verified,See cited source(s); not every company had a current vacancy,See source; Not publicly verified where no role/date was found,Not publicly verified,Not publicly verified,Not publicly verified,Not publicly stated,Review date/role above; not automatically inferred,Source-cited public contact directory. Reconfirm current vacancy directly with company before applying.
Dhanvantari Pharmaceuticals,Not publicly verified,See cited source(s); not every company had a current vacancy,See source; Not publicly verified where no role/date was found,Not publicly verified,Not publicly verified,Not publicly verified,Not publicly stated,Review date/role above; not automatically inferred,Source-cited public contact directory. Reconfirm current vacancy directly with company before applying.
Disha Pharma (Disha Pharmaceuticals),Not publicly verified,See cited source(s); not every company had a current vacancy,See source; Not publicly verified where no role/date was found,https://www.dishapharma.in/contact,dishapharma08@gmail.com,"0755 4225757, https://www.dishapharma.in/contact",Not publicly stated,Review date/role above; not automatically inferred,Source-cited public contact directory. Reconfirm current vacancy directly with company before applying.
Divi's Laboratories Ltd.,Not publicly verified,See cited source(s); not every company had a current vacancy,See source; Not publicly verified where no role/date was found,https://www.divislabs.com/api-manufacturing-company/employees/,careers@divislabs.com,"+91 (40) 6696 6300, https://www.divislabs.com/contact/",Not publicly stated,Review date/role above; not automatically inferred,Source-cited public contact directory. Reconfirm current vacancy directly with company before applying.
Dr. Reddy's Laboratories Ltd.,"Quality Assurance (QA) and Technical Operations/Production walk-in hiring drive held on August 16, 2026 at Leadership Academy, Bachupally, Hyderabad",See cited source(s); not every company had a current vacancy,See source; Not publicly verified where no role/date was found,https://careers.drreddys.com/,springboard@drreddys.com,Not publicly verified,3-10 years experience; Salary/CTC not publicly stated,Review date/role above; not automatically inferred,Source-cited public contact directory. Reconfirm current vacancy directly with company before applying.
East India Pharmaceutical Works Ltd.,Not publicly verified,See cited source(s); not every company had a current vacancy,See source; Not publicly verified where no role/date was found,https://eastindiapharma.org/careers/,careers@eastindiapharma.org,Not publicly verified,Not publicly stated,Review date/role above; not automatically inferred,Source-cited public contact directory. Reconfirm current vacancy directly with company before applying.
Elbrit Life Sciences Pvt. Ltd.,Not publicly verified,See cited source(s); not every company had a current vacancy,See source; Not publicly verified where no role/date was found,https://www.elbrit.org/job/senior-graphic-designer/,adhilekshmi.hr@elbrit.org,Not publicly verified,"Regional Business Manager: 4-6 years experience, ₹7-12 Lakhs PA; Business Executive / Medical Representative: From ₹300,000 per year (Source: Glassdoor and company job listings)",Review date/role above; not automatically inferred,Source-cited public contact directory. Reconfirm current vacancy directly with company before applying.
Elcomponics,Not publicly verified,See cited source(s); not every company had a current vacancy,See source; Not publicly verified where no role/date was found,https://www.elcomponics.com/contact.html,career@elcomponics.com,+91-120-4743300 (https://www.elcomponics.com/contact.html),Not publicly stated,Review date/role above; not automatically inferred,Source-cited public contact directory. Reconfirm current vacancy directly with company before applying.
Elder Pharmaceuticals Ltd.,Not publicly verified,See cited source(s); not every company had a current vacancy,See source; Not publicly verified where no role/date was found,https://www.instagram.com/elderlabs/p/Db7k3cfEn9R/,hr@elderpharma.com,+91 9230645272 | 9317048616 (https://www.instagram.com/elderlabs/p/Db7k3cfEn9R/),"TSO (0–6 Months Experience), ASM (2–3 Years Experience); Salary: ₹12,000 – ₹25,000 + TA/DA",Review date/role above; not automatically inferred,Source-cited public contact directory. Reconfirm current vacancy directly with company before applying.
Elixia Life Sciences,Not publicly verified,See cited source(s); not every company had a current vacancy,See source; Not publicly verified where no role/date was found,https://elixialifesciences.com/,elixialifesciences@gmail.com,Not publicly verified,Not publicly stated,Review date/role above; not automatically inferred,Source-cited public contact directory. Reconfirm current vacancy directly with company before applying.
Elkos Healthcare,Not publicly verified,See cited source(s); not every company had a current vacancy,See source; Not publicly verified where no role/date was found,Not publicly verified,Not publicly verified,Not publicly verified,Not publicly stated,Review date/role above; not automatically inferred,Source-cited public contact directory. Reconfirm current vacancy directly with company before applying.
Emcure Pharmaceuticals Ltd.,Not publicly verified,See cited source(s); not every company had a current vacancy,See source; Not publicly verified where no role/date was found,https://www.emcure.com/ ; https://www.emcure.com/contact-us/,Not publicly verified,Not publicly verified,Not publicly stated,Review date/role above; not automatically inferred,Source-cited public contact directory. Reconfirm current vacancy directly with company before applying.
Enaltec Labs Pvt. Ltd.,Not publicly verified,See cited source(s); not every company had a current vacancy,See source; Not publicly verified where no role/date was found,https://pharmajobsinfo.com/enaltec-labs-pvt-ltd-vacancy/,hr.indore@enaltec.com,Not publicly verified,Not publicly stated,Review date/role above; not automatically inferred,Source-cited public contact directory. Reconfirm current vacancy directly with company before applying.
Endo India Pvt. Ltd. (Par Formulations Private Limited),Not publicly verified,See cited source(s); not every company had a current vacancy,See source; Not publicly verified where no role/date was found,Not publicly verified,Not publicly verified,Not publicly verified,Not publicly stated,Review date/role above; not automatically inferred,Source-cited public contact directory. Reconfirm current vacancy directly with company before applying.
Endo Pharmaceuticals India,Not publicly verified,See cited source(s); not every company had a current vacancy,See source; Not publicly verified where no role/date was found,Not publicly verified,Not publicly verified,Not publicly verified,Not publicly stated,Review date/role above; not automatically inferred,Source-cited public contact directory. Reconfirm current vacancy directly with company before applying.
Endoc Lifecare,Not publicly verified,See cited source(s); not every company had a current vacancy,See source; Not publicly verified where no role/date was found,https://pharmajobspost.in/endoc-lifecare-pvt-ltd-announces-hiring-for-qa-qc-officer-executive-positions-apply-now/,hrd@endocpharma.com,+91 98750 91526 (https://pharmajobspost.in/endoc-lifecare-pvt-ltd-announces-hiring-for-qa-qc-officer-executive-positions-apply-now/),Experience: 3–6 Years; Salary: Not publicly stated,Review date/role above; not automatically inferred,Source-cited public contact directory. Reconfirm current vacancy directly with company before applying.
Eon Lifesciences,Not publicly verified,See cited source(s); not every company had a current vacancy,See source; Not publicly verified where no role/date was found,Not publicly verified,Not publicly verified,Not publicly verified,Not publicly stated,Review date/role above; not automatically inferred,Source-cited public contact directory. Reconfirm current vacancy directly with company before applying.
Eon Meditech Pvt. Ltd.,Not publicly verified,See cited source(s); not every company had a current vacancy,See source; Not publicly verified where no role/date was found,https://eonmeditech.com/career,hrd@eonmeditech.com,+91 0261 249 4330 (https://eonmeditech.com/career),Not publicly stated,Review date/role above; not automatically inferred,Source-cited public contact directory. Reconfirm current vacancy directly with company before applying.
Eris Lifesciences Ltd.,Not publicly verified,See cited source(s); not every company had a current vacancy,See source; Not publicly verified where no role/date was found,https://eris.co.in/contact-us/,hr.communication@erislifesciences.com,+91-79-69661000 (https://eris.co.in/contact-us/),Not publicly stated,Review date/role above; not automatically inferred,Source-cited public contact directory. Reconfirm current vacancy directly with company before applying.
Ethical Remedies,Not publicly verified,See cited source(s); not every company had a current vacancy,See source; Not publicly verified where no role/date was found,Not publicly verified,Not publicly verified,Not publicly verified,Not publicly stated,Review date/role above; not automatically inferred,Source-cited public contact directory. Reconfirm current vacancy directly with company before applying.
Eugia Pharma Specialities Ltd.,Not publicly verified,See cited source(s); not every company had a current vacancy,See source; Not publicly verified where no role/date was found,https://www.eugiapharma.com/contact,eugiacareers@eugiapharma.com,Not publicly verified,Not publicly stated,Review date/role above; not automatically inferred,Source-cited public contact directory. Reconfirm current vacancy directly with company before applying.
Everest Formulations Pvt. Ltd.,Not publicly verified,See cited source(s); not every company had a current vacancy,See source; Not publicly verified where no role/date was found,Not publicly verified,Not publicly verified,Not publicly verified,Not publicly stated,Review date/role above; not automatically inferred,Source-cited public contact directory. Reconfirm current vacancy directly with company before applying.
Exemed Pharmaceuticals Pvt. Ltd.,Not publicly verified,See cited source(s); not every company had a current vacancy,See source; Not publicly verified where no role/date was found,https://www.exemedpharma.com/home/contact-us,recruitment@exemedpharma.com,Not publicly verified,Not publicly stated,Review date/role above; not automatically inferred,Source-cited public contact directory. Reconfirm current vacancy directly with company before applying.
Famy Care Ltd.,Not publicly verified,See cited source(s); not every company had a current vacancy,See source; Not publicly verified where no role/date was found,https://pharmatimesofficial.com/project/email-ids-of-hr-representatives-in-pharma-organizations/,hr@famycare.com,Not publicly verified,Not publicly stated,Review date/role above; not automatically inferred,Source-cited public contact directory. Reconfirm current vacancy directly with company before applying.
Farbe Firma,"Production and QA roles with application deadline August 20, 2026 (Source: https://www.instagram.com/p/DSHiQ21gpB8/)",See cited source(s); not every company had a current vacancy,See source; Not publicly verified where no role/date was found,https://farbefirma.com/careers/,hr@farbefirma.com,+91 9998088767 (https://www.farbefirma.org/contact),Not publicly stated,Review date/role above; not automatically inferred,Source-cited public contact directory. Reconfirm current vacancy directly with company before applying.
Farmson Basic Drugs Pvt. Ltd.,Not publicly verified,See cited source(s); not every company had a current vacancy,See source; Not publicly verified where no role/date was found,https://in.linkedin.com/company/farmson-basic-drugs-private-limited,recruitment@farmson.com,+91 7227060620 - https://in.linkedin.com/company/farmson-basic-drugs-private-limited,Not publicly stated,Review date/role above; not automatically inferred,Source-cited public contact directory. Reconfirm current vacancy directly with company before applying.
FDC Ltd.,Not publicly verified,See cited source(s); not every company had a current vacancy,See source; Not publicly verified where no role/date was found,https://pharmanika.com/pharma-freshers-job-fdc-limited-careers-2026/,sushil.kumar@fdcindia.com,9736880100 (https://pharmanika.com/pharma-freshers-job-fdc-limited-careers-2026/),"Trainee Apprentice (Fresher): Stipend ₹15,000/- per month; experienced roles (1–10 years experience for Production, QC, and QA): Salary not publicly stated (eligibility: B.Pharm, M.Pharm, M.Sc Chemistry, 12th + ITI)",Review date/role above; not automatically inferred,Source-cited public contact directory. Reconfirm current vacancy directly with company before applying.
Fermenta Biotech Ltd.,Not publicly verified,See cited source(s); not every company had a current vacancy,See source; Not publicly verified where no role/date was found,Not publicly verified,Not publicly verified,Not publicly verified,Not publicly stated,Review date/role above; not automatically inferred,Source-cited public contact directory. Reconfirm current vacancy directly with company before applying.
Finecure Pharmaceuticals Ltd.,Not publicly verified,See cited source(s); not every company had a current vacancy,See source; Not publicly verified where no role/date was found,https://www.finecurepharma.com/join-our-team/,career@finecurepharma.com,+91 79-49030903 (https://www.finecurepharma.com/contact-us/),2–6 years experience required for production/manufacturing roles; Salary/CTC: Not publicly stated,Review date/role above; not automatically inferred,Source-cited public contact directory. Reconfirm current vacancy directly with company before applying.
Flemingo Pharma Pvt. Ltd. (Flamingo Pharmaceuticals Ltd.),Not publicly verified,See cited source(s); not every company had a current vacancy,See source; Not publicly verified where no role/date was found,https://pharmabharat.com/flamingo-pharmaceuticals-hiring-for-row-regulatory-affairs/,hr@flamingopharma.com,+91-22-33107500 (https://flamingopharma.com/contact-us/),Experience: 0–1 Year; Salary: ₹3.2 – ₹4.5 LPA (Estimated) (Source: https://pharmabharat.com/regulatory-affairs-trainees-at-flamingo-pharmaceuticals-freshers/),Review date/role above; not automatically inferred,Source-cited public contact directory. Reconfirm current vacancy directly with company before applying.
Fresenius Kabi India Pvt. Ltd.,Not publicly verified,See cited source(s); not every company had a current vacancy,See source; Not publicly verified where no role/date was found,https://www.fresenius-kabi.com/us/careers,careers@fresenius-kabi.com,+91 124 4885000 (https://www.fresenius-kabi-oncology.com/contact),Not publicly stated,Review date/role above; not automatically inferred,Source-cited public contact directory. Reconfirm current vacancy directly with company before applying.
Fresenius Kabi Oncology Ltd.,Not publicly verified,See cited source(s); not every company had a current vacancy,See source; Not publicly verified where no role/date was found,https://www.fresenius-kabi-oncology.com/careers.html,contactus.india@fresenius-kabi.com,+91 124 4885000 (https://www.fresenius-kabi-oncology.com/careers.html),Not publicly stated,Review date/role above; not automatically inferred,Source-cited public contact directory. Reconfirm current vacancy directly with company before applying.
Galentic Pharma (India) Pvt. Ltd.,Not publicly verified,See cited source(s); not every company had a current vacancy,See source; Not publicly verified where no role/date was found,https://galentic.com/careers/,careers@galentic.com,+91 22 6904 2400 (https://galentic.com/careers/),Not publicly stated,Review date/role above; not automatically inferred,Source-cited public contact directory. Reconfirm current vacancy directly with company before applying.
Galpha Laboratories Ltd.,Not publicly verified,See cited source(s); not every company had a current vacancy,See source; Not publicly verified where no role/date was found,https://www.galpha.com/careers.html,hrmumbai@galpha.com,"+91-22-2654-4999 / 3040-0999, https://www.galpha.com/careers.html ; 1800-228-911 (https://www.galpha.com/careers.html)",Not publicly stated,Review date/role above; not automatically inferred,Source-cited public contact directory. Reconfirm current vacancy directly with company before applying.
Gangan Pharmaceuticals,Not publicly verified,See cited source(s); not every company had a current vacancy,See source; Not publicly verified where no role/date was found,https://gaganpharmaceuticals.com/contact-us/,gaganpharma03@gmail.com,+91-7230890003 (https://gaganpharmaceuticals.com/contact-us/),Not publicly stated,Review date/role above; not automatically inferred,Source-cited public contact directory. Reconfirm current vacancy directly with company before applying.
Geltec Pvt. Ltd.,Not publicly verified,See cited source(s); not every company had a current vacancy,See source; Not publicly verified where no role/date was found,https://ichapps.com/job/walk-in-drive-at-geltec-pvt-ltd-bangalore,srinivas.hr@geltec.in,080-67478484 (https://ichapps.com/job/walk-in-drive-at-geltec-pvt-ltd-bangalore),Not publicly stated,Review date/role above; not automatically inferred,Source-cited public contact directory. Reconfirm current vacancy directly with company before applying.
Gennova Biopharmaceuticals Ltd.,Not publicly verified,See cited source(s); not every company had a current vacancy,See source; Not publicly verified where no role/date was found,https://www.linkedin.com/posts/vishalkarad_gennovabio-mail-your-cv-application-at-activity-7383400119838109696-J2Nv,vishal.karad@gennova.bio,Not publicly verified,Not publicly stated,Review date/role above; not automatically inferred,Source-cited public contact directory. Reconfirm current vacancy directly with company before applying.
Genom Biotech Pvt. Ltd.,Not publicly verified,See cited source(s); not every company had a current vacancy,See source; Not publicly verified where no role/date was found,https://genomworlds.com/career.php,recruitment@genompharmacopoeia.com,+91-9022212220 (https://genomworlds.com/concatus.php),Not publicly stated,Review date/role above; not automatically inferred,Source-cited public contact directory. Reconfirm current vacancy directly with company before applying.
German Remedies Ltd.,Not publicly verified,See cited source(s); not every company had a current vacancy,See source; Not publicly verified where no role/date was found,Not publicly verified,Not publicly verified,Not publicly verified,Not publicly stated,Review date/role above; not automatically inferred,Source-cited public contact directory. Reconfirm current vacancy directly with company before applying.
Gland Pharma Ltd.,Not publicly verified,See cited source(s); not every company had a current vacancy,See source; Not publicly verified where no role/date was found,https://glandpharma.com/contact-us,gland@glandpharma.com; hr.vizag@glandpharma.com,+91-40-30510999 (https://glandpharma.com/contact-us),Not publicly stated,Review date/role above; not automatically inferred,Source-cited public contact directory. Reconfirm current vacancy directly with company before applying.
Glenmark Life Sciences Ltd.,Not publicly verified,See cited source(s); not every company had a current vacancy,See source; Not publicly verified where no role/date was found,Not publicly verified,Not publicly verified,Not publicly verified,Not publicly stated,Review date/role above; not automatically inferred,Source-cited public contact directory. Reconfirm current vacancy directly with company before applying.
Glenmark Pharmaceuticals Ltd.,Not publicly verified,See cited source(s); not every company had a current vacancy,See source; Not publicly verified where no role/date was found,https://glenmarkpharma.com/contact-us/ ; https://career.glenmarkpharma.com/ ; https://www.linkedin.com/posts/pratik-s-ankalekar-8862b298_hiring-usfda-indore-activity-7474010179743801344-kWMd,indore.recruitment@glenmarkpharma.com,Not publicly verified,Not publicly stated,Review date/role above; not automatically inferred,Source-cited public contact directory. Reconfirm current vacancy directly with company before applying.
Global Calcium Pvt. Ltd.,Not publicly verified,See cited source(s); not every company had a current vacancy,See source; Not publicly verified where no role/date was found,https://globalcalcium.com/careers,info@globalcalcium.com,080-4055 4500 (https://globalcalcium.com/contact-us),Not publicly stated,Review date/role above; not automatically inferred,Source-cited public contact directory. Reconfirm current vacancy directly with company before applying.
Glocal Healthcare Systems Private Limited,Not publicly verified,See cited source(s); not every company had a current vacancy,See source; Not publicly verified where no role/date was found,https://ghspl.com/contact,hr-ops@ghspl.com,+91 3346000450 (https://ghspl.com/contact),Not publicly stated,Review date/role above; not automatically inferred,Source-cited public contact directory. Reconfirm current vacancy directly with company before applying.
Godavari Drugs Ltd.,Not publicly verified,See cited source(s); not every company had a current vacancy,See source; Not publicly verified where no role/date was found,Not publicly verified,Not publicly verified,Not publicly verified,Not publicly stated,Review date/role above; not automatically inferred,Source-cited public contact directory. Reconfirm current vacancy directly with company before applying.
Goodcare Pharma Pvt. Ltd.,Not publicly verified,See cited source(s); not every company had a current vacancy,See source; Not publicly verified where no role/date was found,Not publicly verified,Not publicly verified,Not publicly verified,"Minimum 3 years of experience in OTC Ayurvedic, Pharma, or FMCG sectors; salary not publicly stated",Review date/role above; not automatically inferred,Source-cited public contact directory. Reconfirm current vacancy directly with company before applying.
Gopaldas Visram & Co. Ltd.,Not publicly verified,See cited source(s); not every company had a current vacancy,See source; Not publicly verified where no role/date was found,https://gopaldasvisram.com/careers.html,info@gopaldasvisram.in,+91 22 42554913 (https://gopaldasvisram.com/careers.html),Not publicly stated,Review date/role above; not automatically inferred,Source-cited public contact directory. Reconfirm current vacancy directly with company before applying.
Gopaldas Visram & Company Limited,Not publicly verified,See cited source(s); not every company had a current vacancy,See source; Not publicly verified where no role/date was found,https://in.linkedin.com/company/gopaldas-visram-co,hr@gopaldasvisram.org,Not publicly verified,Not publicly stated,Review date/role above; not automatically inferred,Source-cited public contact directory. Reconfirm current vacancy directly with company before applying.
Granules India Ltd.,Not publicly verified,See cited source(s); not every company had a current vacancy,See source; Not publicly verified where no role/date was found,Not publicly verified,Not publicly verified,Not publicly verified,Not publicly stated,Review date/role above; not automatically inferred,Source-cited public contact directory. Reconfirm current vacancy directly with company before applying.
GSP Crop Science Pvt. Ltd.,Not publicly verified,See cited source(s); not every company had a current vacancy,See source; Not publicly verified where no role/date was found,https://www.gspcrop.in/about/careers,recruitment@gspcrop.in,Not publicly verified,Not publicly stated,Review date/role above; not automatically inferred,Source-cited public contact directory. Reconfirm current vacancy directly with company before applying.
Gufic Biosciences Ltd.,"Officer / Senior Officer – QC (Microbiology) walk-in interview on August 22, 2026 at Gufic Biosciences Limited, Plot No. 48, Smart Industrial Park, Natrip, Pithampur, Dhar, Madhya Pradesh",See cited source(s); not every company had a current vacancy,See source; Not publicly verified where no role/date was found,https://pharmabharat.com/gufic-biosciences-is-hiring-for-officer-senior-officer-qc-microbiology/,recruitment.indore@guficbio.com,Not publicly verified,Experience: 2–6 years; Salary: Not publicly stated,Review date/role above; not automatically inferred,Source-cited public contact directory. Reconfirm current vacancy directly with company before applying.
Gujarat Themis Biosyn Ltd.,Not publicly verified,See cited source(s); not every company had a current vacancy,See source; Not publicly verified where no role/date was found,https://nsearchives.nseindia.com/corporate/GUJARATTHEMIS_26052026184426_NewspaperResultsGTBL31032026.pdf,hrm@gtbl.in.net,Not publicly verified,Not publicly stated,Review date/role above; not automatically inferred,Source-cited public contact directory. Reconfirm current vacancy directly with company before applying.
Harman Finochem Ltd.,Not publicly verified,See cited source(s); not every company had a current vacancy,See source; Not publicly verified where no role/date was found,https://harmanfinochem.com/careers/,careers@harmanfinochem.com,+91 22 26528080 (https://harmanfinochem.com/get-in-touch/),Not publicly stated,Review date/role above; not automatically inferred,Source-cited public contact directory. Reconfirm current vacancy directly with company before applying.
HealthBiotech Ltd.,Not publicly verified,See cited source(s); not every company had a current vacancy,See source; Not publicly verified where no role/date was found,https://healthbiotech.in/careers/,hrm@healthbiotech.in,+91 987 688 2973 (https://healthbiotech.in/careers/),Not publicly stated,Review date/role above; not automatically inferred,Source-cited public contact directory. Reconfirm current vacancy directly with company before applying.
Hema Laboratories Pvt. Ltd.,Not publicly verified,See cited source(s); not every company had a current vacancy,See source; Not publicly verified where no role/date was found,https://hemalaboratories.com/careers.php,hr@hemalaboratories.com,+91 9640440365 (https://hemalaboratories.com/contact.php),Not publicly stated,Review date/role above; not automatically inferred,Source-cited public contact directory. Reconfirm current vacancy directly with company before applying.
Hetero Biopharma Ltd.,Not publicly verified,See cited source(s); not every company had a current vacancy,See source; Not publicly verified where no role/date was found,https://www.hetero.com/life-at-hetero,talent@hetero.com,Not publicly verified,Not publicly stated,Review date/role above; not automatically inferred,Source-cited public contact directory. Reconfirm current vacancy directly with company before applying.
Hetero Drugs Ltd.,Not publicly verified,See cited source(s); not every company had a current vacancy,See source; Not publicly verified where no role/date was found,https://www.hetero.com/life-at-hetero,talent@hetero.com,Not publicly verified,Not publicly stated,Review date/role above; not automatically inferred,Source-cited public contact directory. Reconfirm current vacancy directly with company before applying.
Hetero Healthcare Ltd.,Not publicly verified,See cited source(s); not every company had a current vacancy,See source; Not publicly verified where no role/date was found,https://www.heterohealthcare.com/help,hr@heterohealthcare.com,Not publicly verified,Not publicly stated,Review date/role above; not automatically inferred,Source-cited public contact directory. Reconfirm current vacancy directly with company before applying.
Hikal Ltd.,Officer Production walk-in / job posting on 17–19 August 2026,See cited source(s); not every company had a current vacancy,See source; Not publicly verified where no role/date was found,https://www.hikal.com/page/visit-us,hr@hikal.com,Not publicly verified,"1–5 Yrs, 1–5.5 Lacs PA",Review date/role above; not automatically inferred,Source-cited public contact directory. Reconfirm current vacancy directly with company before applying.
Hindustan Antibiotics Ltd.,Not publicly verified,See cited source(s); not every company had a current vacancy,See source; Not publicly verified where no role/date was found,https://www.indiacustomercare.com/hindustan-antibiotics-limited-hal,halper.rec@gmail.com,"020-27425968, https://www.indiacustomercare.com/hindustan-antibiotics-limited-hal",Not publicly stated,Review date/role above; not automatically inferred,Source-cited public contact directory. Reconfirm current vacancy directly with company before applying.
Hindustan Unilever Ltd. (Health & Wellbeing),Not publicly verified,See cited source(s); not every company had a current vacancy,See source; Not publicly verified where no role/date was found,https://www.unilevernotices.com/recruitment-notices/india-english.html,hul.recruitment@unilever.com,Not publicly verified,Not publicly stated,Review date/role above; not automatically inferred,Source-cited public contact directory. Reconfirm current vacancy directly with company before applying.
Hiral Labs Ltd.,Not publicly verified,See cited source(s); not every company had a current vacancy,See source; Not publicly verified where no role/date was found,https://hirallabs.com/contact.php,hr@hirallabs.com,+91 9634949248 (https://hirallabs.com/contact.php),Not publicly stated,Review date/role above; not automatically inferred,Source-cited public contact directory. Reconfirm current vacancy directly with company before applying.
HLL Lifecare Ltd.,Not publicly verified,See cited source(s); not every company had a current vacancy,See source; Not publicly verified where no role/date was found,https://www.lifecarehll.com/career,career@lifecarehll.com,+91-471 2354949 (https://www.lifecarehll.com/contact),Not publicly stated,Review date/role above; not automatically inferred,Source-cited public contact directory. Reconfirm current vacancy directly with company before applying.
HOF Pharmaceuticals Ltd.,Not publicly verified,See cited source(s); not every company had a current vacancy,See source; Not publicly verified where no role/date was found,https://hofpharma.com/career/,hr@hofpharma.com; recruitment@hofpharma.com,+91 6353534507 (https://in.linkedin.com/company/hof-pharma-ltd),Not publicly stated,Review date/role above; not automatically inferred,Source-cited public contact directory. Reconfirm current vacancy directly with company before applying.
HOF Pharmaceuticals Ltd. (HOF Pharma),"IPQA Officer / Executive vacancy published on August 14, 2026 for Sanand, Ahmedabad, Gujarat facility",See cited source(s); not every company had a current vacancy,See source; Not publicly verified where no role/date was found,https://pharmajobspost.in/hof-pharma-recruitment-2026-ipqa-officer-executive-engineering-manager-jobs-in-ahmedabad/ ; https://hofpharma.com/career/ ; https://in.linkedin.com/company/hof-pharma-ltd,recruitment@hofpharma.com,+91 6353534507 (Source: https://in.linkedin.com/company/hof-pharma-ltd),B.Pharm / M.Pharm with 1–4 years of relevant IPQA/Quality Assurance experience; Salary: Not publicly stated,Review date/role above; not automatically inferred,Source-cited public contact directory. Reconfirm current vacancy directly with company before applying.
Horizon Biologicals,Not publicly verified,See cited source(s); not every company had a current vacancy,See source; Not publicly verified where no role/date was found,Not publicly verified,Not publicly verified,Not publicly verified,Not publicly stated,Review date/role above; not automatically inferred,Source-cited public contact directory. Reconfirm current vacancy directly with company before applying.
HPMC (Himachal Pradesh) Pharma,Not publicly verified,See cited source(s); not every company had a current vacancy,See source; Not publicly verified where no role/date was found,Not publicly verified,Not publicly verified,Not publicly verified,Not publicly stated,Review date/role above; not automatically inferred,Source-cited public contact directory. Reconfirm current vacancy directly with company before applying.
Ichor Biologics Pvt. Ltd.,Not publicly verified,See cited source(s); not every company had a current vacancy,See source; Not publicly verified where no role/date was found,https://ichor.in/career/,resumes@ichor.in,Not publicly verified,Not publicly stated,Review date/role above; not automatically inferred,Source-cited public contact directory. Reconfirm current vacancy directly with company before applying.
Ikon Remedies Pvt. Ltd.,Not publicly verified,See cited source(s); not every company had a current vacancy,See source; Not publicly verified where no role/date was found,https://ikonremedies.com/contact-us/,hr@ikonremedies.com,+91 84848 60669 / +91 89564 61426 (https://ikonremedies.com/contact-us/),Not publicly stated,Review date/role above; not automatically inferred,Source-cited public contact directory. Reconfirm current vacancy directly with company before applying.
Ind-Swift Laboratories Ltd.,Not publicly verified,See cited source(s); not every company had a current vacancy,See source; Not publicly verified where no role/date was found,https://www.indswiftgroup.com/contact-us/,hr.ho@indswiftlabs.com,+91-7087978441 (https://www.indswiftgroup.com/contact-us/),Not publicly stated,Review date/role above; not automatically inferred,Source-cited public contact directory. Reconfirm current vacancy directly with company before applying.
Ind-Swift Ltd.,Not publicly verified,See cited source(s); not every company had a current vacancy,See source; Not publicly verified where no role/date was found,https://www.indswiftgroup.com/contact-us/,hr.ho@indswiftlabs.com,0172-5061850 (https://www.indswiftgroup.com/contact-us/),Not publicly stated,Review date/role above; not automatically inferred,Source-cited public contact directory. Reconfirm current vacancy directly with company before applying.
Indian Immunologicals Ltd.,Not publicly verified,See cited source(s); not every company had a current vacancy,See source; Not publicly verified where no role/date was found,https://www.indimmune.com/careers/job-opportunities/,careers@indimmune.com,Not publicly verified,Not publicly stated,Review date/role above; not automatically inferred,Source-cited public contact directory. Reconfirm current vacancy directly with company before applying.
Indoco Remedies Ltd.,Not publicly verified,See cited source(s); not every company had a current vacancy,See source; Not publicly verified where no role/date was found,https://www.indoco.com/hr-careers.asp,career@indoco.com; hrd2@indoco.com,08326624209 / 7391054322 - https://www.indoco.com/hr-recruitments-Goa-II.asp,Not publicly stated,Review date/role above; not automatically inferred,Source-cited public contact directory. Reconfirm current vacancy directly with company before applying.
Inga Laboratories Pvt. Ltd.,"QA Chemist role (Quality Assurance), active until August 23, 2026, located in Chennai, India (Source: https://bebee.com/in/jobs/qa-chemist-inga-laboratories-chennai--theirstack-737848203)",See cited source(s); not every company had a current vacancy,See source; Not publicly verified where no role/date was found,Not publicly verified,Not publicly verified,Not publicly verified,Minimum 2 years experience required; Compensation details not publicly stated (Source: https://bebee.com/in/jobs/qa-chemist-inga-laboratories-chennai--theirstack-737848203),Review date/role above; not automatically inferred,Source-cited public contact directory. Reconfirm current vacancy directly with company before applying.
Innova Captab Ltd.,Not publicly verified,See cited source(s); not every company had a current vacancy,See source; Not publicly verified where no role/date was found,https://www.innovacaptab.com/careers.php,mail@innovacaptab.com,+91 22 6794 4000 (https://www.innovacaptab.com/contact-us.php),Not publicly stated,Review date/role above; not automatically inferred,Source-cited public contact directory. Reconfirm current vacancy directly with company before applying.
Intas Pharmaceuticals Ltd.,"Walk-In Drive on August 23, 2026 for OSD Manufacturing, OSD Packing, QA IPQA, QC, and Engineering at Intas Pharmez, Ahmedabad, Gujarat (Source: https://pharmabharat.com/intas-pharma-is-hiring-for-manufacturing-packing-qa-qc-and-engineering/)",See cited source(s); not every company had a current vacancy,See source; Not publicly verified where no role/date was found,https://www.intaspharma.com/careers/ ; https://www.intaspharma.com/contact-us/ ; https://pharmabharat.com/intas-pharma-is-hiring-for-manufacturing-packing-qa-qc-and-engineering/,hrd_matoda@intaspharma.com,+91 79 6157 7000 (https://www.intaspharma.com/contact-us/),"Qualification: M.Sc., M.Pharm., B.Pharm., Diploma, ITI, B.E., B.Tech., M.E., M.Tech.; Experience: 1 to 10 years; Salary/CTC: Not publicly stated",Review date/role above; not automatically inferred,Source-cited public contact directory. Reconfirm current vacancy directly with company before applying.
Invision Medi Sciences Pvt. Ltd.,Not publicly verified,See cited source(s); not every company had a current vacancy,See source; Not publicly verified where no role/date was found,Not publicly verified,Not publicly verified,Not publicly verified,"Experience: 3 years, Salary: Rs. 25,000 – 35,000 per month (Source: https://www.invisionmedi.com/jobs/business-development-executive/)",Review date/role above; not automatically inferred,Source-cited public contact directory. Reconfirm current vacancy directly with company before applying.
Ipca Laboratories Ltd.,"Walk-in interview on 16 August 2026 for Production, Pilot Plant, Engineering & QC (Apprentice/Trainee/Chemist/Technician/Officer/Sr. Officer); Walk-in interview on 23 August 2026 for Bio-manufacturing roles in QA (5-9 yrs), QC (5-9 yrs), Drug Substance & Product Manufacturing, Engineering & Maintenance, and Mammalian Pilot; QA QMS opening (1-3 yrs, B.Pharm/M.Pharm) with application deadline 20 August 2026.",See cited source(s); not every company had a current vacancy,See source; Not publicly verified where no role/date was found,https://www.ipca.com/job-opportunities-in-pharmaceutical-companies/,hrd.mumbai@ipca.com,Not publicly verified,"Experience: 0 to 12 years (specifically 1-3 years for QA QMS, 2-6 years for Aseptic Technicians, 2-12 years for Engineering & Maintenance, and 5-9 years for QA/QC Bio-manufacturing). Salary/CTC: Not publicly stated.",Review date/role above; not automatically inferred,Source-cited public contact directory. Reconfirm current vacancy directly with company before applying.
Ivenia Lifesciences,Not publicly verified,See cited source(s); not every company had a current vacancy,See source; Not publicly verified where no role/date was found,Not publicly verified,Not publicly verified,Not publicly verified,Not publicly stated,Review date/role above; not automatically inferred,Source-cited public contact directory. Reconfirm current vacancy directly with company before applying.
J B Chemicals & Pharmaceuticals Ltd.,Not publicly verified,See cited source(s); not every company had a current vacancy,See source; Not publicly verified where no role/date was found,https://jbpharma.com/contact-us/,careers@jbpharma.com,Not publicly verified,Not publicly stated,Review date/role above; not automatically inferred,Source-cited public contact directory. Reconfirm current vacancy directly with company before applying.
J K Helene Curtis Ltd.,Not publicly verified,See cited source(s); not every company had a current vacancy,See source; Not publicly verified where no role/date was found,Not publicly verified,Not publicly verified,Not publicly verified,Not publicly stated,Review date/role above; not automatically inferred,Source-cited public contact directory. Reconfirm current vacancy directly with company before applying.
J K Pharmachem,Not publicly verified,See cited source(s); not every company had a current vacancy,See source; Not publicly verified where no role/date was found,Not publicly verified,Not publicly verified,Not publicly verified,Not publicly stated,Review date/role above; not automatically inferred,Source-cited public contact directory. Reconfirm current vacancy directly with company before applying.
Jagsonpal Pharmaceuticals Ltd.,Not publicly verified,See cited source(s); not every company had a current vacancy,See source; Not publicly verified where no role/date was found,https://in.linkedin.com/jobs/view/manager-sr-manager-%E2%80%93-medical-services-medical-affairs-medico-marketing-at-jagsonpal-pharmaceuticals-ltd-4147110630,ashish.thakur@jagsonpal.com,+919821206646 (https://in.linkedin.com/jobs/view/manager-sr-manager-%E2%80%93-medical-services-medical-affairs-medico-marketing-at-jagsonpal-pharmaceuticals-ltd-4147110630),Not publicly stated,Review date/role above; not automatically inferred,Source-cited public contact directory. Reconfirm current vacancy directly with company before applying.
Jamkas Pharmaceuticals Pvt. Ltd.,Not publicly verified,See cited source(s); not every company had a current vacancy,See source; Not publicly verified where no role/date was found,https://pharmajobspost.in/jamkas-pharmaceuticals-recruitment-2026-multiple-job-openings/,hr@jamkaspharma.com,"+91 70185 78894, +91 95419 13465 - https://pharmajobspost.in/jamkas-pharmaceuticals-recruitment-2026-multiple-job-openings/","Experience: 1+ years to 6+ years across multiple positions (Wetlab Analyst: 1+ yrs; HPLC Analyst, Officer - Production, IPQA: 3+ yrs; Production QMS: 6+ yrs). Salary/CTC: Not publicly stated.",Review date/role above; not automatically inferred,Source-cited public contact directory. Reconfirm current vacancy directly with company before applying.
Jeevansathi Pharmaceuticals,Not publicly verified,See cited source(s); not every company had a current vacancy,See source; Not publicly verified where no role/date was found,Not publicly verified,Not publicly verified,Not publicly verified,Not publicly stated,Review date/role above; not automatically inferred,Source-cited public contact directory. Reconfirm current vacancy directly with company before applying.
Jenburkt Pharmaceuticals Ltd.,Not publicly verified,See cited source(s); not every company had a current vacancy,See source; Not publicly verified where no role/date was found,https://www.linkedin.com/posts/jenburkt_jenburktpharmaceuticals-nowhiring-lifesciences-activity-7397857615390781440-BYLR,hr@jenburkt.com,Not publicly verified,Not publicly stated,Review date/role above; not automatically inferred,Source-cited public contact directory. Reconfirm current vacancy directly with company before applying.
Jubilant Pharmova Ltd.,Not publicly verified,See cited source(s); not every company had a current vacancy,See source; Not publicly verified where no role/date was found,https://www.jubilantpharmova.com/careers/fraud-alert-statement,support@jubl.com,+91 120 4361000 (https://www.jubilantpharmova.com/careers/fraud-alert-statement),Not publicly stated,Review date/role above; not automatically inferred,Source-cited public contact directory. Reconfirm current vacancy directly with company before applying.
Jupiter Life Sciences Pvt. Ltd.,Not publicly verified,See cited source(s); not every company had a current vacancy,See source; Not publicly verified where no role/date was found,https://www.facebook.com/jupiterlife/,jupiterlife@ymail.com,+91 7986052219 (https://www.facebook.com/jupiterlife/),Not publicly stated,Review date/role above; not automatically inferred,Source-cited public contact directory. Reconfirm current vacancy directly with company before applying.
Kachhela Global,Not publicly verified,See cited source(s); not every company had a current vacancy,See source; Not publicly verified where no role/date was found,Not publicly verified,Not publicly verified,Not publicly verified,Not publicly stated,Review date/role above; not automatically inferred,Source-cited public contact directory. Reconfirm current vacancy directly with company before applying.
Kachhela Medex Pvt. Ltd.,Not publicly verified,See cited source(s); not every company had a current vacancy,See source; Not publicly verified where no role/date was found,Not publicly verified,Not publicly verified,Not publicly verified,Not publicly stated,Review date/role above; not automatically inferred,Source-cited public contact directory. Reconfirm current vacancy directly with company before applying.
Kaiser Drugs Pvt. Ltd.,Not publicly verified,See cited source(s); not every company had a current vacancy,See source; Not publicly verified where no role/date was found,https://in.linkedin.com/posts/kaiser-drugs-private-limited_we-are-hiring-contact-us-at-91-9554962313-activity-7281939881252020224-3NXk,kaiserlko@gmail.com,+91 9554962313 (https://in.linkedin.com/posts/kaiser-drugs-private-limited_we-are-hiring-contact-us-at-91-9554962313-activity-7281939881252020224-3NXk),Not publicly stated,Review date/role above; not automatically inferred,Source-cited public contact directory. Reconfirm current vacancy directly with company before applying.
Kamal Lifesciences,Not publicly verified,See cited source(s); not every company had a current vacancy,See source; Not publicly verified where no role/date was found,https://kamallifescience.com/career.html,info@kamallifescience.com,+919867006732 (https://kamallifescience.com/),Not publicly stated,Review date/role above; not automatically inferred,Source-cited public contact directory. Reconfirm current vacancy directly with company before applying.
Karnataka Antibiotics & Pharmaceuticals Ltd.,Not publicly verified,See cited source(s); not every company had a current vacancy,See source; Not publicly verified where no role/date was found,Not publicly verified,Not publicly verified,Not publicly verified,Not publicly stated,Review date/role above; not automatically inferred,Source-cited public contact directory. Reconfirm current vacancy directly with company before applying.
Kavita Pharmaceutical Pvt. Ltd.,Not publicly verified,See cited source(s); not every company had a current vacancy,See source; Not publicly verified where no role/date was found,Not publicly verified,Not publicly verified,Not publicly verified,Not publicly stated,Review date/role above; not automatically inferred,Source-cited public contact directory. Reconfirm current vacancy directly with company before applying.
Kewal Kiran Clothing Limited,Not publicly verified,See cited source(s); not every company had a current vacancy,See source; Not publicly verified where no role/date was found,https://www.kewalkiran.com/career.php,hr@kewalkiran.com,"+91 22 6901 4400, https://www.kewalkiran.com/career.php",Not publicly stated,Review date/role above; not automatically inferred,Source-cited public contact directory. Reconfirm current vacancy directly with company before applying.
Khandelwal Laboratories Pvt. Ltd.,Not publicly verified,See cited source(s); not every company had a current vacancy,See source; Not publicly verified where no role/date was found,https://www.sidculindustries.com/khandelwal-laboratories-pvt-ltd-pantnagar-rudrapur/,hrd@khandelwallab.com,022 4925 2828 (https://www.khandelwallab.com/contact.html),Not publicly stated,Review date/role above; not automatically inferred,Source-cited public contact directory. Reconfirm current vacancy directly with company before applying.
Kinedex Healthcare,Not publicly verified,See cited source(s); not every company had a current vacancy,See source; Not publicly verified where no role/date was found,Not publicly verified,Not publicly verified,Not publicly verified,Not publicly stated,Review date/role above; not automatically inferred,Source-cited public contact directory. Reconfirm current vacancy directly with company before applying.
Kopran Ltd.,Not publicly verified,See cited source(s); not every company had a current vacancy,See source; Not publicly verified where no role/date was found,https://kopran.com/wp-content/uploads/2025/10/Kopran_BRSR-Report_2024-25.pdf,Not publicly verified,"+91-89800-18202, https://www.kopran.com/contact-us/",Experience: 2–8 years (Officer/Executive roles in Production and QC); Salary: Not publicly stated,Review date/role above; not automatically inferred,Source-cited public contact directory. Reconfirm current vacancy directly with company before applying.
Koye Pharmaceuticals Pvt. Ltd.,Not publicly verified,See cited source(s); not every company had a current vacancy,See source; Not publicly verified where no role/date was found,https://www.koye.co/Home/Career,info@koye.co,"+912268661200, https://www.koye.co/Home/Career",Not publicly stated,Review date/role above; not automatically inferred,Source-cited public contact directory. Reconfirm current vacancy directly with company before applying.
Krishlar Pharmaceuticals,Not publicly verified,See cited source(s); not every company had a current vacancy,See source; Not publicly verified where no role/date was found,Not publicly verified,Not publicly verified,Not publicly verified,Not publicly stated,Review date/role above; not automatically inferred,Source-cited public contact directory. Reconfirm current vacancy directly with company before applying.
Krishlar Remedies,Not publicly verified,See cited source(s); not every company had a current vacancy,See source; Not publicly verified where no role/date was found,https://www.krishlarpharma.com/contact-us/,krishlarpharmaceutical@gmail.com,Not publicly verified,Not publicly stated,Review date/role above; not automatically inferred,Source-cited public contact directory. Reconfirm current vacancy directly with company before applying.
Kusum Healthcare Pvt. Ltd.,Not publicly verified,See cited source(s); not every company had a current vacancy,See source; Not publicly verified where no role/date was found,Not publicly verified,Not publicly verified,+91-11-41005147 (https://kusumhealthcare.com/contact-kusum-healthcare/),Not publicly stated,Review date/role above; not automatically inferred,Source-cited public contact directory. Reconfirm current vacancy directly with company before applying.
Kusum Healthcare Pvt. Ltd. (Kusum Pharm),Not publicly verified,See cited source(s); not every company had a current vacancy,See source; Not publicly verified where no role/date was found,https://www.pharmatutor.org/content/june-2026/pharma-and-science-jobs-in-qc-production-store-and-qa-at-kusum-healthcare,prashant.singh@kusum.com,+91 9251554109 (https://pharmabharat.com/0-4-years-exp-join-kusum-healthcare-is-hiring-for-production-department/),Not publicly stated,Review date/role above; not automatically inferred,Source-cited public contact directory. Reconfirm current vacancy directly with company before applying.
Lactose India Ltd.,Not publicly verified,See cited source(s); not every company had a current vacancy,See source; Not publicly verified where no role/date was found,https://pharmabharat.com/lactose-india-limited-is-hiring-for-production-fd-jobs/,vinayak@lactoseindialimited.com,Not publicly verified,"Experience: 0-1 year for QC Microbiology, 3-4 years for R&D/Process Development, and 5-6 years for Production/F&D; Salary: Not publicly stated",Review date/role above; not automatically inferred,Source-cited public contact directory. Reconfirm current vacancy directly with company before applying.
Laurel Laboratories Pvt. Ltd.,Not publicly verified,See cited source(s); not every company had a current vacancy,See source; Not publicly verified where no role/date was found,Not publicly verified,Not publicly verified,Not publicly verified,Not publicly stated,Review date/role above; not automatically inferred,Source-cited public contact directory. Reconfirm current vacancy directly with company before applying.
Laurus Labs Ltd.,Not publicly verified,See cited source(s); not every company had a current vacancy,See source; Not publicly verified where no role/date was found,https://www.laurusgenerics.us/careers.html,talents@lauruslabs.com,833-352-8787 (https://www.laurusgenerics.us/careers.html),Experience: 2 to 7 years for technical and QA/production roles; Salary/CTC: Not publicly stated,Review date/role above; not automatically inferred,Source-cited public contact directory. Reconfirm current vacancy directly with company before applying.
Leeford Healthcare Ltd.,Not publicly verified,See cited source(s); not every company had a current vacancy,See source; Not publicly verified where no role/date was found,https://www.linkedin.com/posts/adil-arfi-7a7a0311_leeford-at-a-glance-activity-7277188586708316160-9ltj,talent@leeford.in,9875961129 (https://www.linkedin.com/posts/adil-arfi-7a7a0311_leeford-at-a-glance-activity-7277188586708316160-9ltj) ; 9875961165 (https://www.instagram.com/p/DYeENUfFE5v/),Not publicly stated,Review date/role above; not automatically inferred,Source-cited public contact directory. Reconfirm current vacancy directly with company before applying.
Lepro Herbals Pvt. Ltd.,Not publicly verified,See cited source(s); not every company had a current vacancy,See source; Not publicly verified where no role/date was found,Not publicly verified,Not publicly verified,Not publicly verified,Not publicly stated,Review date/role above; not automatically inferred,Source-cited public contact directory. Reconfirm current vacancy directly with company before applying.
Lezaa Biotech,Not publicly verified,See cited source(s); not every company had a current vacancy,See source; Not publicly verified where no role/date was found,https://lezaabiotech.com/contact-us/,lezaabiotech@gmail.com,+91 94681 88437 (https://lezaabiotech.com/contact-us/),Not publicly stated,Review date/role above; not automatically inferred,Source-cited public contact directory. Reconfirm current vacancy directly with company before applying.
Lifecare Neuro Products Ltd.,Not publicly verified,See cited source(s); not every company had a current vacancy,See source; Not publicly verified where no role/date was found,https://pharmajobspost.in/lifecare-neuro-product-ltd-hiring-2026-fd-qa-qc-rm-store-production-jobs-in-baddi/,hr@lifecareneuro.com,+91 7018994788 - https://pharmajobspost.in/lifecare-neuro-product-ltd-hiring-2026-fd-qa-qc-rm-store-production-jobs-in-baddi/,"Experience: 1–10 years depending on department and role (e.g., 1–2 years for officers/chemists, 3–4 years for senior research associates, 7–10 years for senior executives/operators). Salary: Ranges from 15,000 to 65,000 INR per month, negotiable for deserving candidates.",Review date/role above; not automatically inferred,Source-cited public contact directory. Reconfirm current vacancy directly with company before applying.
Lifevision Healthcare,Not publicly verified,See cited source(s); not every company had a current vacancy,See source; Not publicly verified where no role/date was found,https://www.lifevisionbaddi.com/career-with-us/,enquiry@lifevisionhealthcarechd.com,+91-8062750200 (https://www.lifevisionbaddi.com/career-with-us/),Not publicly stated,Review date/role above; not automatically inferred,Source-cited public contact directory. Reconfirm current vacancy directly with company before applying.
Lincoln Parenteral Ltd.,"QA (Officer / Sr. Officer / Executive) and Production (Officer / Sr. Officer) walk-in interview roles dated August 11–23, 2026 at Khatraj API Plant, Gandhinagar",See cited source(s); not every company had a current vacancy,See source; Not publicly verified where no role/date was found,https://www.lincolnpharma.com/careers/,hr@lincolnpharma.com,+91-79-41078000 (https://www.lincolnpharma.com/contact/),Experience: 1 to 5 Years; Salary: Not publicly stated,Review date/role above; not automatically inferred,Source-cited public contact directory. Reconfirm current vacancy directly with company before applying.
Lincoln Pharmaceuticals Ltd.,"QA, QC, and Production (Officer / Sr. Officer / Executive) walk-in interviews held from August 11 to August 23, 2026 (except Thursday) at Khatraj API Plant, Gujarat",See cited source(s); not every company had a current vacancy,See source; Not publicly verified where no role/date was found,https://www.lincolnpharma.com/contact/ ; https://www.lincolnpharma.com/job-openings/ ; https://www.linkedin.com/posts/lincoln-pharmaceuticals-ltd_hiringnow-pharmaceuticalindustry-pharmahiring-activity-7492831397720666113-tMfl,info@lincolnpharma.com,+91-79-41078000 - https://www.lincolnpharma.com/contact/,Experience: 1–5 Years; Qualification and Salary/CTC: Not publicly stated,Review date/role above; not automatically inferred,Source-cited public contact directory. Reconfirm current vacancy directly with company before applying.
Liva Pharmaceuticals Ltd.,Not publicly verified,See cited source(s); not every company had a current vacancy,See source; Not publicly verified where no role/date was found,Not publicly verified,Not publicly verified,Not publicly verified,Not publicly stated,Review date/role above; not automatically inferred,Source-cited public contact directory. Reconfirm current vacancy directly with company before applying.
Lupin Biologics Ltd.,Not publicly verified,See cited source(s); not every company had a current vacancy,See source; Not publicly verified where no role/date was found,https://careers.lupin.com/,careers@lupin.com,+91 22 66402113 (https://careers.lupin.com/),Not publicly stated,Review date/role above; not automatically inferred,Source-cited public contact directory. Reconfirm current vacancy directly with company before applying.
Lupin Ltd.,Not publicly verified,See cited source(s); not every company had a current vacancy,See source; Not publicly verified where no role/date was found,https://www.lupin.com/contact-us,careers@lupin.com,+91 22 6640 2323 https://www.lupin.com/contact-us ; +91 22 6640 2323 (https://www.lupin.com/contact-us),"Experience: 1–7 years in QA/Production/OSD; Qualification: B.Pharm, M.Pharm, B.Sc, M.Sc; Salary/CTC: Not publicly stated",Review date/role above; not automatically inferred,Source-cited public contact directory. Reconfirm current vacancy directly with company before applying.
Lyka Labs Ltd.,"QA, QC & Production (Lyo Operator) vacancy verified for walk-in interview on August 11, 2026 at Ankleshwar, Gujarat (Aug 16–29 window: Not verified)",See cited source(s); not every company had a current vacancy,See source; Not publicly verified where no role/date was found,https://pharmastuff.org/job/lyka-labs-walk-in-qc-qa-production ; https://pharmabharat.com/lyka-labs-limited-is-hiring-for-qc-qa-production-jobs/,recruit.ank@lykalabs.com,9904402560 / 8896323168 https://pharmastuff.org/job/lyka-labs-walk-in-qc-qa-production,"B.Sc, M.Sc, B.Pharm, M.Pharm, ITI with 1 to 13 years of experience (IPQA Officer: 1–3 years; QC HPLC: 1–5 years; QMS Executive: 1–5 years; Lyo Operator: Freshers); Salary: ₹2.4 LPA – ₹12 LPA",Review date/role above; not automatically inferred,Source-cited public contact directory. Reconfirm current vacancy directly with company before applying.
Maan Medex Pvt. Ltd.,Not publicly verified,See cited source(s); not every company had a current vacancy,See source; Not publicly verified where no role/date was found,Not publicly verified,Not publicly verified,Not publicly verified,Not publicly stated,Review date/role above; not automatically inferred,Source-cited public contact directory. Reconfirm current vacancy directly with company before applying.
Macleods Pharmaceuticals Ltd.,"Walk-in interview on 23rd August 2026 for Quality Control (OSD, Oncology-API) and Quality Assurance (OSD) departments (Indore Plant venue: Phoenix Luxury Inn, Pithampur), requiring 3–9 years and 9–14 years experience in GLP, Stability, QMS, Qualification, and Process Validation. || Quality Assurance – OSD (Officer / Sr. Officer / Executive / Sr. Executive) walk-in interview on 23rd August 2026 || Quality Assurance (OSD) and Quality Control (OSD / Oncology-API) Officer / Sr. Officer / Executive / Sr. Executive roles via Walk-In Interview on 23 August 2026 at Indore, MP",See cited source(s); not every company had a current vacancy,See source; Not publicly verified where no role/date was found,https://www.macleodspharma.com/careers/ ; https://www.macleodspharma.com/contact-us/,jobs@macleodspharma.com,Not publicly verified,Experience: 3-9 years (Officer/Sr. Officer) and 9-14 years (Executive/Sr. Executive). Salary/CTC: Not publicly stated. || Experience: 3–14 Years (depending on position); Salary: Not publicly stated,Review date/role above; not automatically inferred,Source-cited public contact directory. Reconfirm current vacancy directly with company before applying.
Madhav Pharma,Not publicly verified,See cited source(s); not every company had a current vacancy,See source; Not publicly verified where no role/date was found,Not publicly verified,Not publicly verified,Not publicly verified,Not publicly stated,Review date/role above; not automatically inferred,Source-cited public contact directory. Reconfirm current vacancy directly with company before applying.
Magbro Healthcare Private Limited,Not publicly verified,See cited source(s); not every company had a current vacancy,See source; Not publicly verified where no role/date was found,Not publicly verified,Not publicly verified,Not publicly verified,"1-2 years experience, 4.0 - 5.5 Lac/Yr salary (Placement India job listing)",Review date/role above; not automatically inferred,Source-cited public contact directory. Reconfirm current vacancy directly with company before applying.
Mahamedha Bio Pharma,Not publicly verified,See cited source(s); not every company had a current vacancy,See source; Not publicly verified where no role/date was found,Not publicly verified,Not publicly verified,Not publicly verified,Not publicly stated,Review date/role above; not automatically inferred,Source-cited public contact directory. Reconfirm current vacancy directly with company before applying.
Makcur Laboratories Ltd.,Not publicly verified,See cited source(s); not every company had a current vacancy,See source; Not publicly verified where no role/date was found,https://www.makcur.com/career.html,hr@makcur.com,+91 96248 39922 (https://www.makcur.com/career.html),Not publicly stated,Review date/role above; not automatically inferred,Source-cited public contact directory. Reconfirm current vacancy directly with company before applying.
Malladi Drugs & Pharmaceuticals Ltd.,Not publicly verified,See cited source(s); not every company had a current vacancy,See source; Not publicly verified where no role/date was found,https://www.malladi.com/contact-us,careers@malladi.co.in,+91 44 6687 6900 (https://www.malladi.com/contact-us),"Experience: 2–10 years across QA roles (IPQA: 2–5 Years, AQA: 4–7 Years, Validation: 7–10 Years); Salary: Not publicly stated",Review date/role above; not automatically inferred,Source-cited public contact directory. Reconfirm current vacancy directly with company before applying.
Mallisetty Pharmaceuticals India Pvt. Ltd.,Not publicly verified,See cited source(s); not every company had a current vacancy,See source; Not publicly verified where no role/date was found,https://mallisettipharma.com/contact-us/,hr@mallisettipharma.com,+91 96187 82121 / +91 99497 19543 / +91 90596 82121 (https://mallisettipharma.com/contact-us/),Not publicly stated,Review date/role above; not automatically inferred,Source-cited public contact directory. Reconfirm current vacancy directly with company before applying.
Malvern Panalytical India,Not publicly verified,See cited source(s); not every company had a current vacancy,See source; Not publicly verified where no role/date was found,Not publicly verified,Not publicly verified,Not publicly verified,Not publicly stated,Review date/role above; not automatically inferred,Source-cited public contact directory. Reconfirm current vacancy directly with company before applying.
Manik Pharma Chem LLP,Not publicly verified,See cited source(s); not every company had a current vacancy,See source; Not publicly verified where no role/date was found,Not publicly verified,Not publicly verified,Not publicly verified,Not publicly stated,Review date/role above; not automatically inferred,Source-cited public contact directory. Reconfirm current vacancy directly with company before applying.
Mankind Pharma Ltd.,Not publicly verified,See cited source(s); not every company had a current vacancy,See source; Not publicly verified where no role/date was found,https://www.mankindpharma.com/career/ ; https://www.linkedin.com/posts/mankind-pharma-ltd_we-are-hiring-activity-7373213303965143040-iCoz,careers@mankindpharma.com,Not publicly verified,Not publicly stated,Review date/role above; not automatically inferred,Source-cited public contact directory. Reconfirm current vacancy directly with company before applying.
Marksans Pharma Ltd.,Not publicly verified,See cited source(s); not every company had a current vacancy,See source; Not publicly verified where no role/date was found,https://www.instagram.com/p/Db5eWpGMwbS/,career@marksanspharma.com,9607909654 / 7030064483 - https://www.instagram.com/p/DWyQhGMl-zj/?hl=en,1-8 Years - Not publicly stated,Review date/role above; not automatically inferred,Source-cited public contact directory. Reconfirm current vacancy directly with company before applying.
Maven Pharma Pvt. Ltd.,Not publicly verified,See cited source(s); not every company had a current vacancy,See source; Not publicly verified where no role/date was found,Not publicly verified,Not publicly verified,Not publicly verified,Not publicly stated,Review date/role above; not automatically inferred,Source-cited public contact directory. Reconfirm current vacancy directly with company before applying.
Medi Caps Ltd.,Not publicly verified,See cited source(s); not every company had a current vacancy,See source; Not publicly verified where no role/date was found,Not publicly verified,Not publicly verified,07292-256205 (Source: https://www.medicaps.com/contact.php),Not publicly stated,Review date/role above; not automatically inferred,Source-cited public contact directory. Reconfirm current vacancy directly with company before applying.
Mediwin Laboratories Pvt. Ltd.,Not publicly verified,See cited source(s); not every company had a current vacancy,See source; Not publicly verified where no role/date was found,https://mediwinpharma.com/career/,hr1@mediwinpharma.com,+91-8238810025 (https://mediwinpharma.com/career/),Not publicly stated,Review date/role above; not automatically inferred,Source-cited public contact directory. Reconfirm current vacancy directly with company before applying.
Medley Pharmaceuticals Ltd.,Not publicly verified,See cited source(s); not every company had a current vacancy,See source; Not publicly verified where no role/date was found,https://medleylab.com/careers/career.html,hr@medleylab.com,+91-22-1234 5678 (https://medleylab.com/careers/career.html),Not publicly stated,Review date/role above; not automatically inferred,Source-cited public contact directory. Reconfirm current vacancy directly with company before applying.
Medopharm Pvt. Ltd.,Not publicly verified,See cited source(s); not every company had a current vacancy,See source; Not publicly verified where no role/date was found,https://www.medopharm.com/career/,jobs@medopharm.com,Not publicly verified,Not publicly stated,Review date/role above; not automatically inferred,Source-cited public contact directory. Reconfirm current vacancy directly with company before applying.
Megha Healthcare Pvt. Ltd.,Not publicly verified,See cited source(s); not every company had a current vacancy,See source; Not publicly verified where no role/date was found,https://meghahealthcare.com/careers.php,info@meghahealthcare.com,+91 9821325717 (Source: https://meghahealthcare.com/careers.php),Not publicly stated,Review date/role above; not automatically inferred,Source-cited public contact directory. Reconfirm current vacancy directly with company before applying.
Mepro Pharmaceuticals Pvt. Ltd.,"QA – Assistant Manager (Vendor Qualification & Audit) and F&D – Officer posted on August 11, 2026",See cited source(s); not every company had a current vacancy,See source; Not publicly verified where no role/date was found,https://www.linkedin.com/posts/ugrejiya-mihir-411789238_wearehiring-hiring-pharmajobs-activity-7492784268939558912-IZ-5,hr@mepro.in,93285 32560 - https://www.linkedin.com/posts/ugrejiya-mihir-411789238_wearehiring-hiring-pharmajobs-activity-7492784268939558912-IZ-5,"QA – Assistant Manager: B.Pharm / M.Pharm, Minimum 8 Years experience; F&D – Officer: B.Pharm / M.Pharm, Minimum 3 Years experience. Salary/CTC: Not publicly stated",Review date/role above; not automatically inferred,Source-cited public contact directory. Reconfirm current vacancy directly with company before applying.
Meyer Organics Pvt. Ltd.,Not publicly verified,See cited source(s); not every company had a current vacancy,See source; Not publicly verified where no role/date was found,https://meyer.co.in/site3/jobs/,careers@meyer.co.in,+91 22-2581-7000 (Source: https://meyer.co.in/contact-us.html),Not publicly stated,Review date/role above; not automatically inferred,Source-cited public contact directory. Reconfirm current vacancy directly with company before applying.
Micro Labs Ltd.,Not publicly verified,See cited source(s); not every company had a current vacancy,See source; Not publicly verified where no role/date was found,https://www.microlabsltd.com/contact ; https://in.linkedin.com/company/microlabslimited,hrrecruit@microlabs.in,+91-80-2237 0451-57 https://www.microlabsltd.com/contact ; +91-80-2237 0451-57 (https://www.microlabsltd.com/contact),Not publicly stated,Review date/role above; not automatically inferred,Source-cited public contact directory. Reconfirm current vacancy directly with company before applying.
Milan Laboratories India Pvt. Ltd.,"IPQA & Production Officer (OSD) - Walk-in Interview on 23 August 2026 at Kamothe, Panvel (Source: https://pharmajobalert.in/milan-laboratories-india-pvt-ltd-walk-in-23-08-2026-sunday-for-multiple-positions/)",See cited source(s); not every company had a current vacancy,See source; Not publicly verified where no role/date was found,https://milanlabs.com/careers/,talentpool@milanlabs.com,+91 80970 55531 (https://milanlabs.com/careers/),Not publicly stated,Review date/role above; not automatically inferred,Source-cited public contact directory. Reconfirm current vacancy directly with company before applying.
Morepen Laboratories Ltd.,Not publicly verified,See cited source(s); not every company had a current vacancy,See source; Not publicly verified where no role/date was found,https://pharmawisdom.co.in/morepen-laboratories-walk-in-on-9th-aug-2026/,hr.baddi@morepen.com,Not publicly verified,Not publicly stated,Review date/role above; not automatically inferred,Source-cited public contact directory. Reconfirm current vacancy directly with company before applying.
MS Pharma,Not publicly verified,See cited source(s); not every company had a current vacancy,See source; Not publicly verified where no role/date was found,Not publicly verified,Not publicly verified,Not publicly verified,Not publicly stated,Review date/role above; not automatically inferred,Source-cited public contact directory. Reconfirm current vacancy directly with company before applying.
Mylan Laboratories Ltd.,Not publicly verified,See cited source(s); not every company had a current vacancy,See source; Not publicly verified where no role/date was found,https://company.naukri.com/mylan-india-jobs/contact-us.html,careers@mylan.in,"+91.40.30866666 + https://company.naukri.com/mylan-india-jobs/contact-us.html ; +91.40.30866666, +91.40.23550543 (https://company.naukri.com/mylan-india-jobs/contact-us.html)",Not publicly stated,Review date/role above; not automatically inferred,Source-cited public contact directory. Reconfirm current vacancy directly with company before applying.
Natco Pharma Ltd.,Not publicly verified,See cited source(s); not every company had a current vacancy,See source; Not publicly verified where no role/date was found,https://www.linkedin.com/posts/natcopharma_natcopharma-oncologyjobs-pharmacareers-activity-7279766385843433473-CDPl,seshasthri.tsp@natcopharma.co.in,Not publicly verified,Not publicly stated,Review date/role above; not automatically inferred,Source-cited public contact directory. Reconfirm current vacancy directly with company before applying.
Nectar Lifesciences Ltd.,Not publicly verified,See cited source(s); not every company had a current vacancy,See source; Not publicly verified where no role/date was found,https://www.linkedin.com/posts/nectar-life-science_nectar-lifesciences-ltd-i-pharmaceutical-activity-7019293466828390400-GBK6,hr@neclife.com,"+91-1762-532598, +91-6284702108 (Source: https://pharmastuff.org/job/neclife-multiple-departments-hiring)",Not publicly stated,Review date/role above; not automatically inferred,Source-cited public contact directory. Reconfirm current vacancy directly with company before applying.
Neon Laboratories Ltd.,Not publicly verified,See cited source(s); not every company had a current vacancy,See source; Not publicly verified where no role/date was found,https://www.linkedin.com/posts/neon-laboratories_neon-laboratories-limited-is-hiring-for-accounts-activity-7403010711754297344-zJHo,hr@neongroup.com,Not publicly verified,Not publicly stated,Review date/role above; not automatically inferred,Source-cited public contact directory. Reconfirm current vacancy directly with company before applying.
Neuland Laboratories Ltd.,Fixed Term Employment walk-in interview on 16 August 2026 at Hyderabad for manufacturing units (production support) targeting freshers.,See cited source(s); not every company had a current vacancy,See source; Not publicly verified where no role/date was found,Not publicly verified,Not publicly verified,+91 8179538447 https://pharmajobalert.in/neuland-laboratories-ltd-walk-in-interviews-16-08-2026-sunday-freshers/,"Freshers (Age 18-23, 2021-2025 pass-outs in Intermediate MPC/BiPC or B.Sc Chemistry); Salary: Rs. 2,05,000/- per annum.",Review date/role above; not automatically inferred,Source-cited public contact directory. Reconfirm current vacancy directly with company before applying.
Nirma Ltd. (Healthcare),Not publicly verified,See cited source(s); not every company had a current vacancy,See source; Not publicly verified where no role/date was found,https://nirma.co.in/contact/,Not publicly verified,+91-79-27549000 (https://nirma.co.in/contact/),Not publicly stated,Review date/role above; not automatically inferred,Source-cited public contact directory. Reconfirm current vacancy directly with company before applying.
Nitin Lifesciences Ltd.,Not publicly verified,See cited source(s); not every company had a current vacancy,See source; Not publicly verified where no role/date was found,https://pharmabharat.com/nitin-lifesciences-ltd-hiring-for-quality-control-assurance-and-microbiology/,jobs@nitinlifesciences.com,"7831948425, 6397241351 (https://pharmabharat.com/nitin-lifesciences-ltd-hiring-for-quality-control-assurance-and-microbiology/)",Not publicly stated,Review date/role above; not automatically inferred,Source-cited public contact directory. Reconfirm current vacancy directly with company before applying.
Norex Flavours Pvt. Ltd.,"Quality Assurance Manager (5-8 years experience, Dhanaura, U.P., active until August 27, 2026; Source: https://bebee.com/in/jobs/quality-assurance-manager-norex-flavours-private-limited-dhanaura--talent-628544467580226348)",See cited source(s); not every company had a current vacancy,See source; Not publicly verified where no role/date was found,https://www.facebook.com/norexflavours/posts/were-hiring-join-norex-flavours-private-limited-and-become-part-of-a-team-thats-/1140373448316148/,jobs@norex.in,Not publicly verified,Experience: 5-8 years; Salary/CTC: Not publicly stated,Review date/role above; not automatically inferred,Source-cited public contact directory. Reconfirm current vacancy directly with company before applying.
Norex Healthcare Pvt. Ltd.,Not publicly verified,See cited source(s); not every company had a current vacancy,See source; Not publicly verified where no role/date was found,https://www.facebook.com/norexflavours/posts/were-hiring-join-norex-flavours-private-limited-and-become-part-of-a-team-thats-/1140373448316148/,Not publicly verified,Not publicly verified,Not publicly stated,Review date/role above; not automatically inferred,Source-cited public contact directory. Reconfirm current vacancy directly with company before applying.
Novartis India Ltd.,Not publicly verified,See cited source(s); not every company had a current vacancy,See source; Not publicly verified where no role/date was found,Not publicly verified,Not publicly verified,Not publicly verified,Not publicly stated,Review date/role above; not automatically inferred,Source-cited public contact directory. Reconfirm current vacancy directly with company before applying.
Omega Pharma,Not publicly verified,See cited source(s); not every company had a current vacancy,See source; Not publicly verified where no role/date was found,Not publicly verified,Not publicly verified,Not publicly verified,Not publicly stated,Review date/role above; not automatically inferred,Source-cited public contact directory. Reconfirm current vacancy directly with company before applying.
OmniActive Health Technologies Ltd.,Not publicly verified,See cited source(s); not every company had a current vacancy,See source; Not publicly verified where no role/date was found,https://omniactives.com/career/,Not publicly verified,Not publicly verified,Not publicly stated,Review date/role above; not automatically inferred,Source-cited public contact directory. Reconfirm current vacancy directly with company before applying.
Oneiro Life Sciences Pvt. Ltd.,Not publicly verified,See cited source(s); not every company had a current vacancy,See source; Not publicly verified where no role/date was found,https://www.oneirolifecare.com/career.aspx,recruitment@oneirolifecare.com,+91-265-2341648 (https://www.oneirolifecare.com/),Not publicly stated,Review date/role above; not automatically inferred,Source-cited public contact directory. Reconfirm current vacancy directly with company before applying.
Optho Remedies Pvt. Ltd.,Not publicly verified,See cited source(s); not every company had a current vacancy,See source; Not publicly verified where no role/date was found,Not publicly verified,Not publicly verified,"+91-7388815222, +91-9621053666 (Source: https://www.mims.com/india/company/info/optho-remedies/about)",Not publicly stated,Review date/role above; not automatically inferred,Source-cited public contact directory. Reconfirm current vacancy directly with company before applying.
Orchid Chemicals & Pharmaceuticals Ltd.,Not publicly verified,See cited source(s); not every company had a current vacancy,See source; Not publicly verified where no role/date was found,Not publicly verified,Not publicly verified,Not publicly verified,Not publicly stated,Review date/role above; not automatically inferred,Source-cited public contact directory. Reconfirm current vacancy directly with company before applying.
Orchid Pharma Ltd.,Not publicly verified,See cited source(s); not every company had a current vacancy,See source; Not publicly verified where no role/date was found,Not publicly verified,Not publicly verified,Not publicly verified,Not publicly stated,Review date/role above; not automatically inferred,Source-cited public contact directory. Reconfirm current vacancy directly with company before applying.
Orison Pharmaceuticals Pvt. Ltd.,Not publicly verified,See cited source(s); not every company had a current vacancy,See source; Not publicly verified where no role/date was found,Not publicly verified,Not publicly verified,Not publicly verified,Not publicly stated,Review date/role above; not automatically inferred,Source-cited public contact directory. Reconfirm current vacancy directly with company before applying.
Ornate Healthcare Pvt. Ltd.,Not publicly verified,See cited source(s); not every company had a current vacancy,See source; Not publicly verified where no role/date was found,https://www.ornatepharma.com/career/,Not publicly verified,+91 (079) 22902005 / +91 (079) 22902008,Not publicly stated,Review date/role above; not automatically inferred,Source-cited public contact directory. Reconfirm current vacancy directly with company before applying.
Osho Pharma Pvt. Ltd.,Not publicly verified,See cited source(s); not every company had a current vacancy,See source; Not publicly verified where no role/date was found,Not publicly verified,Not publicly verified,Not publicly verified,Not publicly stated,Review date/role above; not automatically inferred,Source-cited public contact directory. Reconfirm current vacancy directly with company before applying.
Otsuka Pharmaceutical India Pvt. Ltd.,"Walk-In Interview on 22nd August 2026 for Quality Assurance and Quality Control at Ahmedabad, Gujarat",See cited source(s); not every company had a current vacancy,See source; Not publicly verified where no role/date was found,https://otsukapharma.in/career-opi/ ; https://otsukapharma.in/contact-us/ ; https://pharmawisdom.co.in/otsuka-pharmaceutical-walk-in-interviews-for-qc-qa-on-22nd-aug-2026/,careers@otsukapharma.in,+91 79662 16000 - https://otsukapharma.in/contact-us/,Experience: 2 to 6 Years; Qualification: B.Sc. / B.Pharm. / M.Sc. / M.Pharm; Salary/CTC: Not publicly stated,Review date/role above; not automatically inferred,Source-cited public contact directory. Reconfirm current vacancy directly with company before applying.
Pace Pharmaceuticals Pvt. Ltd.,Not publicly verified,See cited source(s); not every company had a current vacancy,See source; Not publicly verified where no role/date was found,https://www.pacebiotech.com/career/,hr@pacebiotech.com,"+91-9896401911, +91-8894789974 (https://www.pacebiotech.com/career/)",Not publicly stated,Review date/role above; not automatically inferred,Source-cited public contact directory. Reconfirm current vacancy directly with company before applying.
Pacific Pharmaceuticals Ltd.,Not publicly verified,See cited source(s); not every company had a current vacancy,See source; Not publicly verified where no role/date was found,https://www.linkedin.com/posts/pacific-pharma_jobs-careeropportunity-pharmaceuticals-activity-7314885708110880768-nLjT,jobs@pacificpharmaceuticals.com.pk,"03028440891, https://www.linkedin.com/posts/pacific-pharma_jobs-careeropportunity-pharmaceuticals-activity-7314885708110880768-nLjT",Not publicly stated,Review date/role above; not automatically inferred,Source-cited public contact directory. Reconfirm current vacancy directly with company before applying.
Palsons Derma Pvt. Ltd.,Not publicly verified,See cited source(s); not every company had a current vacancy,See source; Not publicly verified where no role/date was found,https://www.linkedin.com/posts/palsonsderma_wearehiring-hiring-contentstrategist-activity-7322234070506049537-HHQ-,hr@palsonsderma.com,Not publicly verified,Not publicly stated,Review date/role above; not automatically inferred,Source-cited public contact directory. Reconfirm current vacancy directly with company before applying.
Panacea Biotec Ltd.,Not publicly verified,See cited source(s); not every company had a current vacancy,See source; Not publicly verified where no role/date was found,https://www.panaceabiotec.com/en/career,careers@panaceabiotec.com; hr@panaceabiotec.com; niteshmehta@panaceabiotec.com,"+91-9779422879 (Nitesh Mehta, HR) / +91-8699788830 (Ankit Sharma, HR), https://pharmabharat.com/panacea-biotec-walk-in-interviews-production-qc-qa/",Not publicly stated,Review date/role above; not automatically inferred,Source-cited public contact directory. Reconfirm current vacancy directly with company before applying.
Parabolic Drugs Ltd.,Not publicly verified,See cited source(s); not every company had a current vacancy,See source; Not publicly verified where no role/date was found,https://parabolicdrugs.com/careers.asp,Not publicly verified,Not publicly verified,Not publicly stated,Review date/role above; not automatically inferred,Source-cited public contact directory. Reconfirm current vacancy directly with company before applying.
Paras Pharmaceuticals Ltd.,Not publicly verified,See cited source(s); not every company had a current vacancy,See source; Not publicly verified where no role/date was found,Not publicly verified,Not publicly verified,Not publicly verified,Not publicly stated,Review date/role above; not automatically inferred,Source-cited public contact directory. Reconfirm current vacancy directly with company before applying.
Park Pharmaceuticals Pvt. Ltd.,Not publicly verified,See cited source(s); not every company had a current vacancy,See source; Not publicly verified where no role/date was found,Not publicly verified,Not publicly verified,Not publicly verified,Not publicly stated,Review date/role above; not automatically inferred,Source-cited public contact directory. Reconfirm current vacancy directly with company before applying.
Pax Healthcare Pvt. Ltd.,Not publicly verified,See cited source(s); not every company had a current vacancy,See source; Not publicly verified where no role/date was found,Not publicly verified,Not publicly verified,"+91-9216325808, +91-9216325807 - https://www.paxhealthcare.com/contact-us/",Not publicly stated,Review date/role above; not automatically inferred,Source-cited public contact directory. Reconfirm current vacancy directly with company before applying.
Pfizer India Ltd.,Not publicly verified,See cited source(s); not every company had a current vacancy,See source; Not publicly verified where no role/date was found,Not publicly verified,Not publicly verified,Not publicly verified,Not publicly stated,Review date/role above; not automatically inferred,Source-cited public contact directory. Reconfirm current vacancy directly with company before applying.
Piramal Enterprises Ltd.,Not publicly verified,See cited source(s); not every company had a current vacancy,See source; Not publicly verified where no role/date was found,Not publicly verified,Not publicly verified,Not publicly verified,Not publicly stated,Review date/role above; not automatically inferred,Source-cited public contact directory. Reconfirm current vacancy directly with company before applying.
Piramal Pharma Ltd.,Not publicly verified,See cited source(s); not every company had a current vacancy,See source; Not publicly verified where no role/date was found,Not publicly verified,Not publicly verified,Not publicly verified,Not publicly stated,Review date/role above; not automatically inferred,Source-cited public contact directory. Reconfirm current vacancy directly with company before applying.
Piramal Pharma Solutions,Not publicly verified,See cited source(s); not every company had a current vacancy,See source; Not publicly verified where no role/date was found,Not publicly verified,Not publicly verified,+91-22-3802 3000/4000 (Source: https://www.piramalpharmasolutions.com/contact-us),Not publicly stated,Review date/role above; not automatically inferred,Source-cited public contact directory. Reconfirm current vacancy directly with company before applying.
Plethico Pharmaceuticals Ltd.,Not publicly verified,See cited source(s); not every company had a current vacancy,See source; Not publicly verified where no role/date was found,Not publicly verified,Not publicly verified,Not publicly verified,Not publicly stated,Review date/role above; not automatically inferred,Source-cited public contact directory. Reconfirm current vacancy directly with company before applying.
Polymed Medical Devices,Not publicly verified,See cited source(s); not every company had a current vacancy,See source; Not publicly verified where no role/date was found,https://www.polymedicure.com/careers/,career@polymedicure.com,Not publicly verified,Not publicly stated,Review date/role above; not automatically inferred,Source-cited public contact directory. Reconfirm current vacancy directly with company before applying.
Polymed Therapeutics,Not publicly verified,See cited source(s); not every company had a current vacancy,See source; Not publicly verified where no role/date was found,Not publicly verified,Not publicly verified,Not publicly verified,Not publicly stated,Review date/role above; not automatically inferred,Source-cited public contact directory. Reconfirm current vacancy directly with company before applying.
Pragati Biocare,Not publicly verified,See cited source(s); not every company had a current vacancy,See source; Not publicly verified where no role/date was found,Not publicly verified,Not publicly verified,Not publicly verified,Not publicly stated,Review date/role above; not automatically inferred,Source-cited public contact directory. Reconfirm current vacancy directly with company before applying.
Prakash Chemicals International Pvt. Ltd.,Not publicly verified,See cited source(s); not every company had a current vacancy,See source; Not publicly verified where no role/date was found,https://pciplindia.com/work-with-us/,careers@prakashchemicals.com,+91-265-6126000 (https://pciplindia.com/work-with-us/),Not publicly stated,Review date/role above; not automatically inferred,Source-cited public contact directory. Reconfirm current vacancy directly with company before applying.
Pristine Pharmaceuticals Pvt. Ltd.,Not publicly verified,See cited source(s); not every company had a current vacancy,See source; Not publicly verified where no role/date was found,Not publicly verified,Not publicly verified,Not publicly verified,Not publicly stated,Review date/role above; not automatically inferred,Source-cited public contact directory. Reconfirm current vacancy directly with company before applying.
Prudent Healthcare,Not publicly verified,See cited source(s); not every company had a current vacancy,See source; Not publicly verified where no role/date was found,Not publicly verified,Not publicly verified,Not publicly verified,Not publicly stated,Review date/role above; not automatically inferred,Source-cited public contact directory. Reconfirm current vacancy directly with company before applying.
RPG Life Sciences Ltd.,Not publicly verified,See cited source(s); not every company had a current vacancy,See source; Not publicly verified where no role/date was found,https://www.linkedin.com/posts/rpg-life-sciences_hiring-pharmaindustry-rpglifesciences-activity-7420421916425080832-Psy0,recruitments@rpgls.com,+91-22-69757100 (https://www.rpglifesciences.com/website/contact_us.php),Not publicly stated,Review date/role above; not automatically inferred,Source-cited public contact directory. Reconfirm current vacancy directly with company before applying.
Rusan Pharma Ltd.,Not publicly verified,See cited source(s); not every company had a current vacancy,See source; Not publicly verified where no role/date was found,https://www.rusanpharma.com/career.html,hrmumbai@rusanpharma.com,Not publicly verified,Not publicly stated,Review date/role above; not automatically inferred,Source-cited public contact directory. Reconfirm current vacancy directly with company before applying.
S Kant Healthcare Ltd.,Not publicly verified,See cited source(s); not every company had a current vacancy,See source; Not publicly verified where no role/date was found,https://skant.com/employee-engagement/,career@skant.com,Not publicly verified,Not publicly stated,Review date/role above; not automatically inferred,Source-cited public contact directory. Reconfirm current vacancy directly with company before applying.
Sagar Drugs & Pharmaceuticals Ltd.,Not publicly verified,See cited source(s); not every company had a current vacancy,See source; Not publicly verified where no role/date was found,Not publicly verified,Not publicly verified,Not publicly verified,Not publicly stated,Review date/role above; not automatically inferred,Source-cited public contact directory. Reconfirm current vacancy directly with company before applying.
Sai Life Sciences Ltd.,Production Professionals / Production Chemist (API) Walk-In Interview on 17 August 2026 at Hyderabad (Source: https://www.instagram.com/p/DXHqtBbkvuX/),See cited source(s); not every company had a current vacancy,See source; Not publicly verified where no role/date was found,https://sailife.com/careers/,careers@sailife.com,Not publicly verified,Not publicly stated,Review date/role above; not automatically inferred,Source-cited public contact directory. Reconfirm current vacancy directly with company before applying.
Samarth Life Sciences Pvt. Ltd.,Not publicly verified,See cited source(s); not every company had a current vacancy,See source; Not publicly verified where no role/date was found,https://samarthlife.com/career,jayesh.sail@samarthlife.com,022-28710678 Ext. 213 / 207 (Source: https://samarthlife.com/contact-us),Not publicly stated,Review date/role above; not automatically inferred,Source-cited public contact directory. Reconfirm current vacancy directly with company before applying.
Sandoz India Pvt. Ltd.,Not publicly verified,See cited source(s); not every company had a current vacancy,See source; Not publicly verified where no role/date was found,Not publicly verified,Not publicly verified,Not publicly verified,Not publicly stated,Review date/role above; not automatically inferred,Source-cited public contact directory. Reconfirm current vacancy directly with company before applying.
Sangam Health Care Products Ltd.,Not publicly verified,See cited source(s); not every company had a current vacancy,See source; Not publicly verified where no role/date was found,Not publicly verified,Not publicly verified,Not publicly verified,Not publicly stated,Review date/role above; not automatically inferred,Source-cited public contact directory. Reconfirm current vacancy directly with company before applying.
Sanofi India Ltd.,"Quality Assurance Specialist at Sanofi India (Verna, Goa site; Job Requisition ID: R2865890, application deadline August 22–23, 2026). Source: https://sanofi.wd3.myworkdayjobs.com/en-US/SanofiCareers/job/Quality-Assurance-Specialist_R2865890",See cited source(s); not every company had a current vacancy,See source; Not publicly verified where no role/date was found,Not publicly verified,Not publicly verified,Not publicly verified,"Eligibility: B.Pharm / M.Pharm with 2–5 years of experience in Quality Systems / Assurance. Salary/CTC: Not publicly stated on official portal (industry aggregates estimate ₹5,50,000 – ₹8,50,000 per annum).",Review date/role above; not automatically inferred,Source-cited public contact directory. Reconfirm current vacancy directly with company before applying.
Sava Healthcare Ltd.,Not publicly verified,See cited source(s); not every company had a current vacancy,See source; Not publicly verified where no role/date was found,https://in.linkedin.com/company/sava-healthcare-limited,careers@savaglobal.com,+91 20 3051 6100 (Source: SAVA Healthcare official website and careers page),Not publicly stated,Review date/role above; not automatically inferred,Source-cited public contact directory. Reconfirm current vacancy directly with company before applying.
Sequent Scientific Ltd.,Not publicly verified,See cited source(s); not every company had a current vacancy,See source; Not publicly verified where no role/date was found,https://pharmajobspost.in/viyash-scientific-limited-hiring-2026-qc-production-qa-warehouse-jobs/,praveen.g@viyash.com,+91 8008684988,Not publicly stated,Review date/role above; not automatically inferred,Source-cited public contact directory. Reconfirm current vacancy directly with company before applying.
Serum Institute of India Pvt. Ltd.,Not publicly verified,See cited source(s); not every company had a current vacancy,See source; Not publicly verified where no role/date was found,https://www.seruminstitute.com/contact_us.php,hr@seruminstitute.com,+91-20-26993900,Not publicly stated,Review date/role above; not automatically inferred,Source-cited public contact directory. Reconfirm current vacancy directly with company before applying.
Shalina Healthcare Pvt. Ltd.,Not publicly verified,See cited source(s); not every company had a current vacancy,See source; Not publicly verified where no role/date was found,https://www.linkedin.com/posts/shalina-healthcare_shalinahealthcare-joinshalinahealthcare-activity-7061362235717074944-7-Kx,recruitment@shalina.com,Not publicly verified,Not publicly stated,Review date/role above; not automatically inferred,Source-cited public contact directory. Reconfirm current vacancy directly with company before applying.
Shilpa Medicare Ltd.,Not publicly verified,See cited source(s); not every company had a current vacancy,See source; Not publicly verified where no role/date was found,https://pharmastuff.org/job/formulation-development-bpharm-mpharm,hr.bfrnd@shilpamedicare.com,+91-9686397127 (https://shilpapharma.com/careers/),Not publicly stated,Review date/role above; not automatically inferred,Source-cited public contact directory. Reconfirm current vacancy directly with company before applying.
Shree Ganesh Remedies Ltd.,Not publicly verified,See cited source(s); not every company had a current vacancy,See source; Not publicly verified where no role/date was found,https://www.ganeshremedies.com/careers,careers@ganeshremedies.com,Not publicly verified,Not publicly stated,Review date/role above; not automatically inferred,Source-cited public contact directory. Reconfirm current vacancy directly with company before applying.
Shreya Life Sciences Pvt. Ltd.,Not publicly verified,See cited source(s); not every company had a current vacancy,See source; Not publicly verified where no role/date was found,https://www.pharmatutor.org/pharma-jobs/vacancies/mar11/walk-in-sales-vacancies-shreya-lifesciences,hrd@shreya.co.in,022 66938222 / 42220222 / 42220200 (Corporate/HR contact via https://www.shreya.co.in/contacs.html),Not publicly stated,Review date/role above; not automatically inferred,Source-cited public contact directory. Reconfirm current vacancy directly with company before applying.
Siflon Drugs & Pharmaceuticals Pvt. Ltd.,Production & R&D Walk-In Interview on 16th August 2026 at Siflon Pharma Pvt. Ltd. Unit II (Source: https://www.instagram.com/p/DbvWRC_IZNE/),See cited source(s); not every company had a current vacancy,See source; Not publicly verified where no role/date was found,https://siflonpharma.com/,hr@siflonpharma.com,7799453235 (Source: https://pharmabharat.com/siflon-pharma-is-hiring-freshers-experienced-for-production-rd-jobs/),Not publicly stated,Review date/role above; not automatically inferred,Source-cited public contact directory. Reconfirm current vacancy directly with company before applying.
Sigma Laboratories Ltd.,Not publicly verified,See cited source(s); not every company had a current vacancy,See source; Not publicly verified where no role/date was found,https://sigmalab.in/career.html,careers@sigmalab.in,Not publicly verified,Not publicly stated,Review date/role above; not automatically inferred,Source-cited public contact directory. Reconfirm current vacancy directly with company before applying.
Simson Pharma Ltd.,Not publicly verified,See cited source(s); not every company had a current vacancy,See source; Not publicly verified where no role/date was found,https://www.simsonpharma.com/careers,corporatehr@simsonpharma.com,+91 7700966995 / +91 8291459580,Not publicly stated,Review date/role above; not automatically inferred,Source-cited public contact directory. Reconfirm current vacancy directly with company before applying.
Sri Krishna Pharmaceuticals Ltd.,"Walk-in Interview scheduled for August 18, 19, 20, and 21, 2026 at Sri Krishna Pharmaceuticals Ltd., A-35, IDA Nacharam, Hyderabad - 500 076 (Source: https://pharmacareer.in/sri-krishna-pharmaceuticals-ltd-walk-in-on-august-18-19-20-and-21-2026/)",See cited source(s); not every company had a current vacancy,See source; Not publicly verified where no role/date was found,https://www.srikrishnapharma.com/careers/,hrd@srikrishnapharma.com; jayakishore.gollapalli@srikrishnapharma.com,+91-40-2720 1101/02 (https://www.srikrishnapharma.com/careers/); WhatsApp: 7093161075 (https://pharmacareer.in/sri-krishna-pharmaceuticals-ltd-walk-in-on-august-18-19-20-and-21-2026/),Not publicly stated,Review date/role above; not automatically inferred,Source-cited public contact directory. Reconfirm current vacancy directly with company before applying.
Srikrishna Pharmaceuticals Ltd.,Not publicly verified,See cited source(s); not every company had a current vacancy,See source; Not publicly verified where no role/date was found,https://www.srikrishnapharma.com/careers/,hrd@srikrishnapharma.com,+91-40-2720 1101/02 - https://www.srikrishnapharma.com/careers/,"1–6 Years; ₹25,000–₹60,000 per month - https://pharmabharat.com/sri-krishna-pharmaceuticals-is-hiring-for-quality-control-api/",Review date/role above; not automatically inferred,Source-cited public contact directory. Reconfirm current vacancy directly with company before applying.
Strava Healthcare Pvt. Ltd.,Not publicly verified,See cited source(s); not every company had a current vacancy,See source; Not publicly verified where no role/date was found,https://stravahealthcare.com/career/ ; https://in.linkedin.com/company/strava-healthcare,corp.hr@stravahealthcare.com; hrd@stravahealthcare.com,"+91 76238 30023, +91 9512660923 - https://stravahealthcare.com/career/",Experience: 1–3 Years (Officer) / 4–6 Years (Executive); Qualification: B.Pharm / M.Sc. for QA and Production roles; Salary/CTC: Not publicly stated,Review date/role above; not automatically inferred,Source-cited public contact directory. Reconfirm current vacancy directly with company before applying.
Strides Pharma Science Ltd.,Not publicly verified,See cited source(s); not every company had a current vacancy,See source; Not publicly verified where no role/date was found,https://www.allpharmacyjobs.in/pharmacy-jobs-vacancy-hiring-for-quality-control-executive-strides-pharma/,hr@strides.com,Not publicly verified,1-3 Years experience; Salary/CTC not publicly stated,Review date/role above; not automatically inferred,Source-cited public contact directory. Reconfirm current vacancy directly with company before applying.
Sudeep Pharma Pvt. Ltd.,Not publicly verified,See cited source(s); not every company had a current vacancy,See source; Not publicly verified where no role/date was found,https://www.sudeeppharma.com/jobs/manager-production/,career@sudeepgroup.com,Not publicly verified,Not publicly stated,Review date/role above; not automatically inferred,Source-cited public contact directory. Reconfirm current vacancy directly with company before applying.
Sun Pharmaceutical Industries Ltd.,"Walk-in drive on 16 August 2026 for OSD Production, Non-OSD Production, Warehouse, Engineering, Quality Control (QC), and Quality Assurance (QA) departments at Eco Paradise and Resort, Mining Ground, Rangpo, Sikkim (conducted by Sun Pharma Guwahati).",See cited source(s); not every company had a current vacancy,See source; Not publicly verified where no role/date was found,https://careers.sunpharma.com/job/Walk-in-interview-at-Bharuch-on-090826/58463244/ ; https://pharmabharat.org/freshers-needed-in-qa-qc-store-engineering-at-sun-pharmaceutical-industries-ltd/ ; https://sunpharma.com/contact/ ; https://pharmabharat.com/sun-pharma-is-hiring-freshers-experienced-for-osd-production-warehouse-engineering-qc-and-qa/,recruitment.dadra@sunpharma.com; akash.gogoi@sunpharma.com,+91 8473959757 (https://pharmabharat.com/sun-pharma-is-hiring-freshers-experienced-for-osd-production-warehouse-engineering-qc-and-qa/),"Experience: 0-5 years (Apprentice/Technician) to 4-8 years (Officer/Sr. Officer/Executive in OSD Manufacturing, Packing & QC). Qualification: B.Pharm, M.Pharm, B.Sc, M.Sc, ITI, Diploma. Salary/CTC: Not publicly stated || Experience: Freshers & Experienced (2–15 years); Salary: Not publicly stated",Review date/role above; not automatically inferred,Source-cited public contact directory. Reconfirm current vacancy directly with company before applying.
Sundyota Numandis Pharmaceuticals,Not publicly verified,See cited source(s); not every company had a current vacancy,See source; Not publicly verified where no role/date was found,https://sundyotanumandis.com/contact-us/ ; https://www.naukri.com/job-listings-ipqa-officer-sundyota-numandis-pharmaceuticals-ahmedabad-1-to-2-years-290726021150,Not publicly verified,Not publicly verified,"Experience: 1-2 years for IPQA Officer role; Qualification: B.Pharm / M.Pharm; Salary/CTC: Not publicly stated || Eligibility: 1–5 years experience required across various technical and production roles (Formulation Development, Production, QA, QMS); Salary/CTC: Not publicly stated",Review date/role above; not automatically inferred,Source-cited public contact directory. Reconfirm current vacancy directly with company before applying.
Swiss Parenterals Ltd.,Not publicly verified,See cited source(s); not every company had a current vacancy,See source; Not publicly verified where no role/date was found,https://www.pharmatutor.org/content/april-2026/swiss-parenterals-hiring-for-quality-assurance-department,hr1@swiss.in; recruitment@swiss.in,"+91-9099048661, +91-6352978952 (explicit recruitment/WhatsApp numbers from hiring notices)",Not publicly stated,Review date/role above; not automatically inferred,Source-cited public contact directory. Reconfirm current vacancy directly with company before applying.
Synokem Pharmaceuticals Ltd.,Not publicly verified,See cited source(s); not every company had a current vacancy,See source; Not publicly verified where no role/date was found,https://www.synokempharma.com/career,career@synokempharma.com,Not publicly verified,Not publicly stated,Review date/role above; not automatically inferred,Source-cited public contact directory. Reconfirm current vacancy directly with company before applying.
SynZeal Research Pvt. Ltd.,"Executive - QC Walk-in Interview on 17 August 2026 at SynZeal Research Park, Rajoda, Bavla, Ahmedabad",See cited source(s); not every company had a current vacancy,See source; Not publicly verified where no role/date was found,https://www.synzeal.com/en/career,recruitment@synzeal.com,+91-7969-225-400 (Source: https://www.synzeal.com/en/career),Not publicly stated,Review date/role above; not automatically inferred,Source-cited public contact directory. Reconfirm current vacancy directly with company before applying.
Taro Pharmaceuticals India Pvt. Ltd.,Not publicly verified,See cited source(s); not every company had a current vacancy,See source; Not publicly verified where no role/date was found,Not publicly verified,Not publicly verified,Not publicly verified,Not publicly stated,Review date/role above; not automatically inferred,Source-cited public contact directory. Reconfirm current vacancy directly with company before applying.
Taru Therapeutics Pvt. Ltd.,Not publicly verified,See cited source(s); not every company had a current vacancy,See source; Not publicly verified where no role/date was found,Not publicly verified,Not publicly verified,Not publicly verified,Not publicly stated,Review date/role above; not automatically inferred,Source-cited public contact directory. Reconfirm current vacancy directly with company before applying.
Teva India Pvt. Ltd.,Not publicly verified,See cited source(s); not every company had a current vacancy,See source; Not publicly verified where no role/date was found,Not publicly verified,Not publicly verified,Not publicly verified,Not publicly stated,Review date/role above; not automatically inferred,Source-cited public contact directory. Reconfirm current vacancy directly with company before applying.
Themis Medicare Ltd.,Not publicly verified,See cited source(s); not every company had a current vacancy,See source; Not publicly verified where no role/date was found,https://in.linkedin.com/company/themismedicare,hr@themismedicare.com,+91.22.67607080,Not publicly stated,Review date/role above; not automatically inferred,Source-cited public contact directory. Reconfirm current vacancy directly with company before applying.
Theon Pharmaceuticals Ltd.,Not publicly verified,See cited source(s); not every company had a current vacancy,See source; Not publicly verified where no role/date was found,https://www.linkedin.com/posts/theon-pharmaceuticals-ltd_hiring-hrjobs-seniorexecutive-activity-7483823785154928640-9N1v,corporateoffice@theonpharma.com,"0172-5210200, 0172-5210228 (Source: https://www.theonpharma.com/careers/)",Not publicly stated,Review date/role above; not automatically inferred,Source-cited public contact directory. Reconfirm current vacancy directly with company before applying.
Titan Laboratories Pvt. Ltd.,"Walk-in interview on 16 August 2026 for Formulation Production, Quality Assurance (QA), Quality Control (QC), and Engineering at Suba Elite Hotel, Vadodara, Gujarat",See cited source(s); not every company had a current vacancy,See source; Not publicly verified where no role/date was found,https://titan-lab.com/career.php,careers@titanpharma.com,+91-22-67857000 (Corporate Office) / Walk-in: 8655355868,Not publicly stated,Review date/role above; not automatically inferred,Source-cited public contact directory. Reconfirm current vacancy directly with company before applying.
Torrent Pharmaceuticals Ltd.,"QA, Production, and OSD Manufacturing roles via walk-in interviews on 2nd August 2026 and 9th August 2026 in Gujarat (Sanand and Bharuch plants)",See cited source(s); not every company had a current vacancy,See source; Not publicly verified where no role/date was found,https://www.torrentpharma.com/careers/join-us/ ; https://www.torrentpharma.com/contact-us/corporate-office/ ; https://www.instagram.com/reel/DbXX3hFS40t/ ; https://www.linkedin.com/posts/torrent-pharmaceuticals-ltd_to-be-a-part-of-torrent-pharma-email-us-your-activity-6244026107180474368-bthF,hr@torrentpharma.com; hrindrad@torrentpharma.com,+91 79-26599000 (https://www.torrentpharma.com/careers/join-us/),"Experience: 1–5 years / 2–6 years; Qualification: B.Pharm, M.Pharm, M.Sc, Diploma; Salary/CTC: Not publicly stated",Review date/role above; not automatically inferred,Source-cited public contact directory. Reconfirm current vacancy directly with company before applying.
Troikaa Pharmaceuticals Ltd.,Quality Control / Analytical / Packing positions walk-in interview on 23 August 2026,See cited source(s); not every company had a current vacancy,See source; Not publicly verified where no role/date was found,https://www.troikaa.com/careers/,recruitment@troikaapharma.com,Not publicly verified,Not publicly stated,Review date/role above; not automatically inferred,Source-cited public contact directory. Reconfirm current vacancy directly with company before applying.
Umedica Laboratories Ltd.,Not publicly verified,See cited source(s); not every company had a current vacancy,See source; Not publicly verified where no role/date was found,https://www.umedicalabs.com/contact.html ; https://jobpinch.com/umedica-laboratories-walk-in-interview-2026/ ; https://www.umedicalabs.com/careers.html,career@umedicalabs.com; hrd@umedicalabs.com,+91 260 2401844 - https://www.umedicalabs.com/contact.html,"Experience: 2-5 Years; Qualification: ITI, Diploma, B.Sc, M.Sc, B.Pharm, M.Pharm, B.E.; Salary: Not publicly stated || Experience: 2 to 7 Years; Salary: As Per Company Norms",Review date/role above; not automatically inferred,Source-cited public contact directory. Reconfirm current vacancy directly with company before applying.
Unichem Laboratories Ltd.,"Quality Assurance (QA), Quality Control (QC), Production, and Materials (Officer, Sr. Officer, Technician positions) walk-in interview drive on August 23, 2026 at Grace Majestic, Margao, Goa.",See cited source(s); not every company had a current vacancy,See source; Not publicly verified where no role/date was found,https://www.jobavailables.com/2026/08/unichem-laboratories-walk-in-interview.html,hrgoa@unichemlabs.com,Not publicly verified,1 to 3 years experience required; salary/CTC not publicly stated.,Review date/role above; not automatically inferred,Source-cited public contact directory. Reconfirm current vacancy directly with company before applying.
Unijules Life Sciences Ltd.,Not publicly verified,See cited source(s); not every company had a current vacancy,See source; Not publicly verified where no role/date was found,https://www.unijules.com/carrers.php,hrd@unijules.com,Not publicly verified,Not publicly stated,Review date/role above; not automatically inferred,Source-cited public contact directory. Reconfirm current vacancy directly with company before applying.
Unison Pharmaceuticals Pvt. Ltd.,Not publicly verified,See cited source(s); not every company had a current vacancy,See source; Not publicly verified where no role/date was found,https://pharmabharat.com/unison-pharma-walk-in-interview-for-quality-control-jobs/,careers@unisonpharmaceuticals.com,Not publicly verified,Not publicly stated,Review date/role above; not automatically inferred,Source-cited public contact directory. Reconfirm current vacancy directly with company before applying.
Universal Medicap Ltd.,Not publicly verified,See cited source(s); not every company had a current vacancy,See source; Not publicly verified where no role/date was found,https://www.universalmedicap.com/contact/ ; https://www.universalmedicap.com/careers/,info@umlindia.com,"+91-265-2243055, +91-265-2240004, +91-265-2240230, +91 9978951002 - https://www.universalmedicap.com/contact/",Not publicly stated,Review date/role above; not automatically inferred,Source-cited public contact directory. Reconfirm current vacancy directly with company before applying.
USV Private Ltd.,Not publicly verified,See cited source(s); not every company had a current vacancy,See source; Not publicly verified where no role/date was found,https://www.usvindia.com/contact-us,hrd@usv.in,Not publicly verified,Not publicly stated,Review date/role above; not automatically inferred,Source-cited public contact directory. Reconfirm current vacancy directly with company before applying.
Vapi Care Pharma Pvt. Ltd.,Not publicly verified,See cited source(s); not every company had a current vacancy,See source; Not publicly verified where no role/date was found,Not publicly verified,Not publicly verified,Not publicly verified,Not publicly stated,Review date/role above; not automatically inferred,Source-cited public contact directory. Reconfirm current vacancy directly with company before applying.
Varenyam Bio Lifesciences Pvt. Ltd.,Not publicly verified,See cited source(s); not every company had a current vacancy,See source; Not publicly verified where no role/date was found,Not publicly verified,Not publicly verified,Not publicly verified,Not publicly stated,Review date/role above; not automatically inferred,Source-cited public contact directory. Reconfirm current vacancy directly with company before applying.
Varenyam Healthcare Pvt. Ltd.,Not publicly verified,See cited source(s); not every company had a current vacancy,See source; Not publicly verified where no role/date was found,https://www.varenyamhc.com/career/,connect@varenyamhc.com,+91 9909928395,Not publicly stated,Review date/role above; not automatically inferred,Source-cited public contact directory. Reconfirm current vacancy directly with company before applying.
Vasu Healthcare Pvt. Ltd.,Not publicly verified,See cited source(s); not every company had a current vacancy,See source; Not publicly verified where no role/date was found,https://www.vasuhealthcare.com/contact-us-2/ ; https://www.vasuhealthcare.com/career-at-vasu/,info@vasuhealthcare.com,+91-0265-6131300 (Source: https://www.vasuhealthcare.com/contact-us-2/),Experience: 2-5 years for Quality Assurance and 2-7 years for Manufacturing roles; Salary: Not publicly stated,Review date/role above; not automatically inferred,Source-cited public contact directory. Reconfirm current vacancy directly with company before applying.
Venus Pharma GmbH India,Not publicly verified,See cited source(s); not every company had a current vacancy,See source; Not publicly verified where no role/date was found,https://venusremedies.com/blog/we-are-hiring,career@venusremedies.com; recruitment@venusremedies.com,Not publicly verified,Not publicly stated,Review date/role above; not automatically inferred,Source-cited public contact directory. Reconfirm current vacancy directly with company before applying.
Venus Remedies Ltd.,Not publicly verified,See cited source(s); not every company had a current vacancy,See source; Not publicly verified where no role/date was found,https://venusremedies.com/blog/we-are-hiring,career@venusremedies.com; recruitment@venusremedies.com,Not publicly verified,Not publicly stated,Review date/role above; not automatically inferred,Source-cited public contact directory. Reconfirm current vacancy directly with company before applying.
VHB Life Sciences Ltd.,Not publicly verified,See cited source(s); not every company had a current vacancy,See source; Not publicly verified where no role/date was found,https://pharmabharat.com/vhb-medi-sciences-hiring-for-freshers-in-production-qa-qc-micro/,nisha.ram@vhbgroup.com,Not publicly verified,Not publicly stated,Review date/role above; not automatically inferred,Source-cited public contact directory. Reconfirm current vacancy directly with company before applying.
Viatris Healthcare Ltd.,Not publicly verified,See cited source(s); not every company had a current vacancy,See source; Not publicly verified where no role/date was found,https://www.viatris.com/en/newsroom/contact-us,hrservicecenter@viatris.com,Not publicly verified,Not publicly stated,Review date/role above; not automatically inferred,Source-cited public contact directory. Reconfirm current vacancy directly with company before applying.
Vimal Life Sciences Pvt. Ltd.,Not publicly verified,See cited source(s); not every company had a current vacancy,See source; Not publicly verified where no role/date was found,https://www.vimallifesciences.com/contact-us/,careers@vimallifesciences.com,+91 22 4355 1100 (Source: https://www.vimallifesciences.com/contact-us/),Not publicly stated,Review date/role above; not automatically inferred,Source-cited public contact directory. Reconfirm current vacancy directly with company before applying.
Vital Therapeutics & Formulations Pvt. Ltd.,"Walk-in interviews / recruitment drive on August 18th–19th, 2026 for production, OSD manufacturing, and technical roles at Secunderabad facility.",See cited source(s); not every company had a current vacancy,See source; Not publicly verified where no role/date was found,https://pharmajobalert.in/walk-in-on-august-18th-19th-2026-itidiplomabscb-commbab-pharmmpharmb-tech-at-vital-therapeutics-and-formulations-pvt-ltd/,hr@vitalpharma.in,+91 9666 977 644 (https://pharmajobalert.in/walk-in-on-august-18th-19th-2026-itidiplomabscb-commbab-pharmmpharmb-tech-at-vital-therapeutics-and-formulations-pvt-ltd/),Experience: 1–7 years; Salary/CTC: Not publicly stated.,Review date/role above; not automatically inferred,Source-cited public contact directory. Reconfirm current vacancy directly with company before applying.
Vivid Lifesciences Pvt. Ltd.,Not publicly verified,See cited source(s); not every company had a current vacancy,See source; Not publicly verified where no role/date was found,Not publicly verified,Not publicly verified,Not publicly verified,Not publicly stated,Review date/role above; not automatically inferred,Source-cited public contact directory. Reconfirm current vacancy directly with company before applying.
Wanbury Ltd.,Not publicly verified,See cited source(s); not every company had a current vacancy,See source; Not publicly verified where no role/date was found,Not publicly verified,Not publicly verified,Not publicly verified,Not publicly stated,Review date/role above; not automatically inferred,Source-cited public contact directory. Reconfirm current vacancy directly with company before applying.
West-Coast Pharmaceutical Works Ltd.,"Walk-In Interview on 18 August 2026 for Production (OSD), Quality Assurance (IPQA & QMS), and Quality Control at Gota, Ahmedabad",See cited source(s); not every company had a current vacancy,See source; Not publicly verified where no role/date was found,https://pharmastuff.org/job/west-coast-pharmaceutical-works-production-qa-qc-recruitment ; https://www.instagram.com/reel/DbpMRrDshiW/ ; https://in.linkedin.com/company/west-coast-pharmaceuticals-works-limited,hrdho@westcoastin.com,+91 98751 70543 (Source: https://pharmastuff.org/job/west-coast-pharmaceutical-works-production-qa-qc-recruitment),"B.Pharm, M.Sc, M.Pharm, ITI with 0–8 years experience (Freshers & Experienced eligible); Salary/CTC not publicly stated",Review date/role above; not automatically inferred,Source-cited public contact directory. Reconfirm current vacancy directly with company before applying.
Windlas Biotech Ltd.,Not publicly verified,See cited source(s); not every company had a current vacancy,See source; Not publicly verified where no role/date was found,https://jobpinch.com/windlas-biotech-jobs-2026/,hr@windlasbiotech.com,+91 8006566294,Not publicly stated,Review date/role above; not automatically inferred,Source-cited public contact directory. Reconfirm current vacancy directly with company before applying.
Wintac Ltd.,Not publicly verified,See cited source(s); not every company had a current vacancy,See source; Not publicly verified where no role/date was found,https://somersetlimited.com/career/,hr@somersetlimited.com,Not publicly verified,Not publicly stated,Review date/role above; not automatically inferred,Source-cited public contact directory. Reconfirm current vacancy directly with company before applying.
Wockhardt Ltd.,Not publicly verified,See cited source(s); not every company had a current vacancy,See source; Not publicly verified where no role/date was found,https://www.wockhardt.com/careers/careerwockhardt/,career@wockhardt.com,0260-7126500 / 9173800427 | https://pharmajobalert.in/wockhardt-walk-in-on-12th-july-2026-for-multiple-positions/,Not publicly stated,Review date/role above; not automatically inferred,Source-cited public contact directory. Reconfirm current vacancy directly with company before applying.
Wyzax Laboratories Pvt. Ltd.,Not publicly verified,See cited source(s); not every company had a current vacancy,See source; Not publicly verified where no role/date was found,Not publicly verified,Not publicly verified,Not publicly verified,Not publicly stated,Review date/role above; not automatically inferred,Source-cited public contact directory. Reconfirm current vacancy directly with company before applying.
Yash Pharma Laboratories Pvt. Ltd.,Not publicly verified,See cited source(s); not every company had a current vacancy,See source; Not publicly verified where no role/date was found,https://pharmabharat.org/yash-pharma-laboratories-hiring-for-regulatory-affairs-executive/,regulatory2@yashpharma.com,Not publicly verified,Not publicly stated,Review date/role above; not automatically inferred,Source-cited public contact directory. Reconfirm current vacancy directly with company before applying.
Yashoda Hospitals Pharma Division,Not publicly verified,See cited source(s); not every company had a current vacancy,See source; Not publicly verified where no role/date was found,https://www.instagram.com/reel/DTAYN_8j5my/,recruitment@yashodamail.com,9703321354,Not publicly stated,Review date/role above; not automatically inferred,Source-cited public contact directory. Reconfirm current vacancy directly with company before applying.
Zandu Pharmaceutical Works Ltd.,Not publicly verified,See cited source(s); not every company had a current vacancy,See source; Not publicly verified where no role/date was found,Not publicly verified,Not publicly verified,Not publicly verified,Not publicly stated,Review date/role above; not automatically inferred,Source-cited public contact directory. Reconfirm current vacancy directly with company before applying.
Zenara Pharma Pvt. Ltd.,Not publicly verified,See cited source(s); not every company had a current vacancy,See source; Not publicly verified where no role/date was found,https://www.instagram.com/reel/Db-Ryiootld/,hrd@zenara.com,"+91-7337363325, https://www.instagram.com/reel/Db-Ryiootld/",Quality Assurance: 2–10 years experience; Salary/CTC: Not publicly stated,Review date/role above; not automatically inferred,Source-cited public contact directory. Reconfirm current vacancy directly with company before applying.
Zenlabs Ethica Ltd.,Not publicly verified,See cited source(s); not every company had a current vacancy,See source; Not publicly verified where no role/date was found,Not publicly verified,Not publicly verified,Not publicly verified,Not publicly stated,Review date/role above; not automatically inferred,Source-cited public contact directory. Reconfirm current vacancy directly with company before applying.
Zenotech Laboratories Ltd.,Not publicly verified,See cited source(s); not every company had a current vacancy,See source; Not publicly verified where no role/date was found,https://pharmawisdom.co.in/zenotech-laboratories-walk-in-on-6th-7th-8th-aug-2026/,hr1@zenotech.co.in,7995333775 (WhatsApp Queries),Not publicly stated,Review date/role above; not automatically inferred,Source-cited public contact directory. Reconfirm current vacancy directly with company before applying.
Zota Healthcare Ltd.,Not publicly verified,See cited source(s); not every company had a current vacancy,See source; Not publicly verified where no role/date was found,https://in.linkedin.com/jobs/view/marketing-strategy-manager-exports-at-zota-healthcare-limited-4435637643,Not publicly verified,+91 9227725324 (https://in.joblum.com/job/retail-pharmacist/6713130),Not publicly stated,Review date/role above; not automatically inferred,Source-cited public contact directory. Reconfirm current vacancy directly with company before applying.
Zuventus Healthcare Ltd.,Not publicly verified,See cited source(s); not every company had a current vacancy,See source; Not publicly verified where no role/date was found,https://zuventuscareers.peoplestrong.com/job/detail/ZUV_-E-HR_982330,hr.plant@zuventus.com,Not publicly verified,Not publicly stated,Review date/role above; not automatically inferred,Source-cited public contact directory. Reconfirm current vacancy directly with company before applying.
Zydus Lifesciences Ltd.,"Production Department Walk-In Interview on 22 August 2026 at Zydus Lifesciences Limited, Unit 1, Plot No. 291, GIDC Industrial Estate, Ankleshwar, Gujarat || Zydus Lifesciences Limited Walk-In Interview on 19th August 2026 for Production (Trainee Officer, Officer, Executive, Sr. Executive, Apprentice) at API Plant, Ankleshwar Unit-1, Gujarat (Source: https://pharmawisdom.co.in/zydus-lifesciences-walk-in-interviews-for-freshers-experienced-in-production-engineering-departments-on-19th-aug-2026/)",See cited source(s); not every company had a current vacancy,See source; Not publicly verified where no role/date was found,https://pharmakey.medipdf.in/zydus-pharma-jobs/,Not publicly verified,Not publicly verified,BSc Chemistry / Diploma Chemical for freshers (2025-2026 batches); BSc/MSc Chemistry / Diploma/BE Chemical with 2 to 7 years of experience for Executive / Senior Executive; Salary: Not publicly stated,Review date/role above; not automatically inferred,Source-cited public contact directory. Reconfirm current vacancy directly with company before applying.
Zydus Wellness Products Ltd.,"Production, OSD Packing, Engineering, and Plant Operator / Technical Assistant walk-in interview on August 22–23, 2026 at Zydus Lifesciences / Zydus Healthcare (Source: https://pharmacareer.in/zydus-lifesciences-ltd-walk-in-interview-saturday-august-22-2026-freshers-experience/)",See cited source(s); not every company had a current vacancy,See source; Not publicly verified where no role/date was found,Not publicly verified,Not publicly verified,Not publicly verified,Not publicly stated,Review date/role above; not automatically inferred,Source-cited public contact directory. Reconfirm current vacancy directly with company before applying.
